domain,communication_metric,model,horizon_s,target,mild_MAE,severe_MAE,relative_degradation_pct
cicv5g,latency_mean_ms,ca_dtnet,5,flow_proxy,13021.156498031567,10360.746784320227,-20.43143951239259
cicv5g,latency_mean_ms,ca_dtnet,5,speed_mean_kmh,3.607514404245196,2.946953363585293,-18.31069719504122
cicv5g,latency_mean_ms,ca_dtnet,5,vehicle_count,1.0339920138461942,0.757398833153628,-26.75003039807871
cicv5g,latency_mean_ms,ca_dtnet,10,flow_proxy,16438.278830532374,13461.36420348317,-18.10964917761394
cicv5g,latency_mean_ms,ca_dtnet,10,speed_mean_kmh,4.304547688555815,3.538212341999831,-17.80292379645582
cicv5g,latency_mean_ms,ca_dtnet,10,vehicle_count,1.371064820582939,1.0738369171852737,-21.67861772599711
cicv5g,latency_mean_ms,ca_dtnet,30,flow_proxy,14825.536062410003,13867.483742588922,-6.4621765836148555
cicv5g,latency_mean_ms,ca_dtnet,30,speed_mean_kmh,3.6517836831555077,4.054581132889006,11.030156317540294
cicv5g,latency_mean_ms,ca_dtnet,30,vehicle_count,1.916790265580829,1.0330398200175293,-46.10574546531985
cicv5g,latency_mean_ms,graph_gru,5,flow_proxy,15000.038725946637,9275.63944282985,-38.16256336199365
cicv5g,latency_mean_ms,graph_gru,5,speed_mean_kmh,4.044272140628883,2.917685519653359,-27.85635038928674
cicv5g,latency_mean_ms,graph_gru,5,vehicle_count,1.1215291079908716,0.8186277272284033,-27.007892697881225
cicv5g,latency_mean_ms,graph_gru,10,flow_proxy,20092.88543940647,12750.68132184675,-36.541312793016886
cicv5g,latency_mean_ms,graph_gru,10,speed_mean_kmh,4.871134590626486,3.544636741906668,-27.231804445502583
cicv5g,latency_mean_ms,graph_gru,10,vehicle_count,1.5379417473858414,1.1439933848119332,-25.615297892914533
cicv5g,latency_mean_ms,graph_gru,30,flow_proxy,15843.004588567805,15124.707849153529,-4.5338416422105965
cicv5g,latency_mean_ms,graph_gru,30,speed_mean_kmh,4.131304464041494,4.483764522319299,8.531447161361278
cicv5g,latency_mean_ms,graph_gru,30,vehicle_count,1.7973263001385253,1.2449413564371021,-30.733703756823616
cicv5g,latency_mean_ms,historical_average,5,flow_proxy,18894.9948628247,17302.68644319418,-8.427143966905723
cicv5g,latency_mean_ms,historical_average,5,speed_mean_kmh,5.867711431479623,5.248318971931913,-10.555946142292257
cicv5g,latency_mean_ms,historical_average,5,vehicle_count,2.185443615274706,1.4019230050319276,-35.851787764339676
cicv5g,latency_mean_ms,historical_average,10,flow_proxy,19140.700091913048,17946.267960520963,-6.240274000720112
cicv5g,latency_mean_ms,historical_average,10,speed_mean_kmh,5.952751748782563,5.2610644208754955,-11.619623258883035
cicv5g,latency_mean_ms,historical_average,10,vehicle_count,2.2416120737435037,1.3683858679146712,-38.95527741671254
cicv5g,latency_mean_ms,historical_average,30,flow_proxy,18083.658396055525,19361.430723180572,7.065895070231214
cicv5g,latency_mean_ms,historical_average,30,speed_mean_kmh,5.476322678003817,5.47872819827698,0.043925831442186335
cicv5g,latency_mean_ms,historical_average,30,vehicle_count,1.931529423052972,1.3769604571498932,-28.7113909015887
cicv5g,latency_mean_ms,impaired_gru,5,flow_proxy,14975.636196224237,10151.561598282256,-32.21281910651007
cicv5g,latency_mean_ms,impaired_gru,5,speed_mean_kmh,4.093779208172694,2.8797476297647804,-29.65552155374443
cicv5g,latency_mean_ms,impaired_gru,5,vehicle_count,1.173483431740207,0.796062207613204,-32.16246695115779
cicv5g,latency_mean_ms,impaired_gru,10,flow_proxy,19920.84873159578,13063.863629378817,-34.42114939278611
cicv5g,latency_mean_ms,impaired_gru,10,speed_mean_kmh,4.988956326452173,3.3853624265048676,-32.14287301395143
cicv5g,latency_mean_ms,impaired_gru,10,vehicle_count,1.5369576874260336,1.0989875138232246,-28.495915947217306
cicv5g,latency_mean_ms,impaired_gru,30,flow_proxy,14726.77147378934,15168.026726065536,2.9962796194756005
cicv5g,latency_mean_ms,impaired_gru,30,speed_mean_kmh,4.166428029086746,4.614290677836444,10.74931919015855
cicv5g,latency_mean_ms,impaired_gru,30,vehicle_count,1.765495270071992,1.1886462329043523,-32.673496422155104
cicv5g,latency_mean_ms,persistence,5,flow_proxy,15676.616237423756,13743.569611005683,-12.330764478384078
cicv5g,latency_mean_ms,persistence,5,speed_mean_kmh,4.234218909753406,3.62668619618692,-14.34816491731769
cicv5g,latency_mean_ms,persistence,5,vehicle_count,1.1622088506597703,0.8888889074933206,-23.51728268628839
cicv5g,latency_mean_ms,persistence,10,flow_proxy,21069.35965136427,17623.902952400593,-16.35292555623039
cicv5g,latency_mean_ms,persistence,10,speed_mean_kmh,5.099902469545169,4.323304013236689,-15.227711891026985
cicv5g,latency_mean_ms,persistence,10,vehicle_count,1.6773080906397428,1.305100215233117,-22.19078744475519
cicv5g,latency_mean_ms,persistence,30,flow_proxy,32530.6631620049,26701.38100998087,-17.919346196516255
cicv5g,latency_mean_ms,persistence,30,speed_mean_kmh,7.755692463570391,6.485729672979322,-16.37458930867629
cicv5g,latency_mean_ms,persistence,30,vehicle_count,2.414150262228427,2.1994536263147015,-8.893258981577228
cicv5g,latency_p95_ms,ca_dtnet,5,flow_proxy,13021.156498031567,10360.746784320227,-20.43143951239259
cicv5g,latency_p95_ms,ca_dtnet,5,speed_mean_kmh,3.607514404245196,2.946953363585293,-18.31069719504122
cicv5g,latency_p95_ms,ca_dtnet,5,vehicle_count,1.0339920138461942,0.757398833153628,-26.75003039807871
cicv5g,latency_p95_ms,ca_dtnet,10,flow_proxy,16438.278830532374,13461.36420348317,-18.10964917761394
cicv5g,latency_p95_ms,ca_dtnet,10,speed_mean_kmh,4.304547688555815,3.538212341999831,-17.80292379645582
cicv5g,latency_p95_ms,ca_dtnet,10,vehicle_count,1.371064820582939,1.0738369171852737,-21.67861772599711
cicv5g,latency_p95_ms,ca_dtnet,30,flow_proxy,14825.536062410003,13867.483742588922,-6.4621765836148555
cicv5g,latency_p95_ms,ca_dtnet,30,speed_mean_kmh,3.6517836831555077,4.054581132889006,11.030156317540294
cicv5g,latency_p95_ms,ca_dtnet,30,vehicle_count,1.916790265580829,1.0330398200175293,-46.10574546531985
cicv5g,latency_p95_ms,graph_gru,5,flow_proxy,15000.038725946637,9275.63944282985,-38.16256336199365
cicv5g,latency_p95_ms,graph_gru,5,speed_mean_kmh,4.044272140628883,2.917685519653359,-27.85635038928674
cicv5g,latency_p95_ms,graph_gru,5,vehicle_count,1.1215291079908716,0.8186277272284033,-27.007892697881225
cicv5g,latency_p95_ms,graph_gru,10,flow_proxy,20092.88543940647,12750.68132184675,-36.541312793016886
cicv5g,latency_p95_ms,graph_gru,10,speed_mean_kmh,4.871134590626486,3.544636741906668,-27.231804445502583
cicv5g,latency_p95_ms,graph_gru,10,vehicle_count,1.5379417473858414,1.1439933848119332,-25.615297892914533
cicv5g,latency_p95_ms,graph_gru,30,flow_proxy,15843.004588567805,15124.707849153529,-4.5338416422105965
cicv5g,latency_p95_ms,graph_gru,30,speed_mean_kmh,4.131304464041494,4.483764522319299,8.531447161361278
cicv5g,latency_p95_ms,graph_gru,30,vehicle_count,1.7973263001385253,1.2449413564371021,-30.733703756823616
cicv5g,latency_p95_ms,historical_average,5,flow_proxy,18894.9948628247,17302.68644319418,-8.427143966905723
cicv5g,latency_p95_ms,historical_average,5,speed_mean_kmh,5.867711431479623,5.248318971931913,-10.555946142292257
cicv5g,latency_p95_ms,historical_average,5,vehicle_count,2.185443615274706,1.4019230050319276,-35.851787764339676
cicv5g,latency_p95_ms,historical_average,10,flow_proxy,19140.700091913048,17946.267960520963,-6.240274000720112
cicv5g,latency_p95_ms,historical_average,10,speed_mean_kmh,5.952751748782563,5.2610644208754955,-11.619623258883035
cicv5g,latency_p95_ms,historical_average,10,vehicle_count,2.2416120737435037,1.3683858679146712,-38.95527741671254
cicv5g,latency_p95_ms,historical_average,30,flow_proxy,18083.658396055525,19361.430723180572,7.065895070231214
cicv5g,latency_p95_ms,historical_average,30,speed_mean_kmh,5.476322678003817,5.47872819827698,0.043925831442186335
cicv5g,latency_p95_ms,historical_average,30,vehicle_count,1.931529423052972,1.3769604571498932,-28.7113909015887
cicv5g,latency_p95_ms,impaired_gru,5,flow_proxy,14975.636196224237,10151.561598282256,-32.21281910651007
cicv5g,latency_p95_ms,impaired_gru,5,speed_mean_kmh,4.093779208172694,2.8797476297647804,-29.65552155374443
cicv5g,latency_p95_ms,impaired_gru,5,vehicle_count,1.173483431740207,0.796062207613204,-32.16246695115779
cicv5g,latency_p95_ms,impaired_gru,10,flow_proxy,19920.84873159578,13063.863629378817,-34.42114939278611
cicv5g,latency_p95_ms,impaired_gru,10,speed_mean_kmh,4.988956326452173,3.3853624265048676,-32.14287301395143
cicv5g,latency_p95_ms,impaired_gru,10,vehicle_count,1.5369576874260336,1.0989875138232246,-28.495915947217306
cicv5g,latency_p95_ms,impaired_gru,30,flow_proxy,14726.77147378934,15168.026726065536,2.9962796194756005
cicv5g,latency_p95_ms,impaired_gru,30,speed_mean_kmh,4.166428029086746,4.614290677836444,10.74931919015855
cicv5g,latency_p95_ms,impaired_gru,30,vehicle_count,1.765495270071992,1.1886462329043523,-32.673496422155104
cicv5g,latency_p95_ms,persistence,5,flow_proxy,15676.616237423756,13743.569611005683,-12.330764478384078
cicv5g,latency_p95_ms,persistence,5,speed_mean_kmh,4.234218909753406,3.62668619618692,-14.34816491731769
cicv5g,latency_p95_ms,persistence,5,vehicle_count,1.1622088506597703,0.8888889074933206,-23.51728268628839
cicv5g,latency_p95_ms,persistence,10,flow_proxy,21069.35965136427,17623.902952400593,-16.35292555623039
cicv5g,latency_p95_ms,persistence,10,speed_mean_kmh,5.099902469545169,4.323304013236689,-15.227711891026985
cicv5g,latency_p95_ms,persistence,10,vehicle_count,1.6773080906397428,1.305100215233117,-22.19078744475519
cicv5g,latency_p95_ms,persistence,30,flow_proxy,32530.6631620049,26701.38100998087,-17.919346196516255
cicv5g,latency_p95_ms,persistence,30,speed_mean_kmh,7.755692463570391,6.485729672979322,-16.37458930867629
cicv5g,latency_p95_ms,persistence,30,vehicle_count,2.414150262228427,2.1994536263147015,-8.893258981577228
cicv5g,aoi_mean_s,ca_dtnet,5,flow_proxy,13021.156498031567,10360.746784320227,-20.43143951239259
cicv5g,aoi_mean_s,ca_dtnet,5,speed_mean_kmh,3.607514404245196,2.946953363585293,-18.31069719504122
cicv5g,aoi_mean_s,ca_dtnet,5,vehicle_count,1.0339920138461942,0.757398833153628,-26.75003039807871
cicv5g,aoi_mean_s,ca_dtnet,10,flow_proxy,16438.278830532374,13461.36420348317,-18.10964917761394
cicv5g,aoi_mean_s,ca_dtnet,10,speed_mean_kmh,4.304547688555815,3.538212341999831,-17.80292379645582
cicv5g,aoi_mean_s,ca_dtnet,10,vehicle_count,1.371064820582939,1.0738369171852737,-21.67861772599711
cicv5g,aoi_mean_s,ca_dtnet,30,flow_proxy,14825.536062410003,13867.483742588922,-6.4621765836148555
cicv5g,aoi_mean_s,ca_dtnet,30,speed_mean_kmh,3.6517836831555077,4.054581132889006,11.030156317540294
cicv5g,aoi_mean_s,ca_dtnet,30,vehicle_count,1.916790265580829,1.0330398200175293,-46.10574546531985
cicv5g,aoi_mean_s,graph_gru,5,flow_proxy,15000.038725946637,9275.63944282985,-38.16256336199365
cicv5g,aoi_mean_s,graph_gru,5,speed_mean_kmh,4.044272140628883,2.917685519653359,-27.85635038928674
cicv5g,aoi_mean_s,graph_gru,5,vehicle_count,1.1215291079908716,0.8186277272284033,-27.007892697881225
cicv5g,aoi_mean_s,graph_gru,10,flow_proxy,20092.88543940647,12750.68132184675,-36.541312793016886
cicv5g,aoi_mean_s,graph_gru,10,speed_mean_kmh,4.871134590626486,3.544636741906668,-27.231804445502583
cicv5g,aoi_mean_s,graph_gru,10,vehicle_count,1.5379417473858414,1.1439933848119332,-25.615297892914533
cicv5g,aoi_mean_s,graph_gru,30,flow_proxy,15843.004588567805,15124.707849153529,-4.5338416422105965
cicv5g,aoi_mean_s,graph_gru,30,speed_mean_kmh,4.131304464041494,4.483764522319299,8.531447161361278
cicv5g,aoi_mean_s,graph_gru,30,vehicle_count,1.7973263001385253,1.2449413564371021,-30.733703756823616
cicv5g,aoi_mean_s,historical_average,5,flow_proxy,18894.9948628247,17302.68644319418,-8.427143966905723
cicv5g,aoi_mean_s,historical_average,5,speed_mean_kmh,5.867711431479623,5.248318971931913,-10.555946142292257
cicv5g,aoi_mean_s,historical_average,5,vehicle_count,2.185443615274706,1.4019230050319276,-35.851787764339676
cicv5g,aoi_mean_s,historical_average,10,flow_proxy,19140.700091913048,17946.267960520963,-6.240274000720112
cicv5g,aoi_mean_s,historical_average,10,speed_mean_kmh,5.952751748782563,5.2610644208754955,-11.619623258883035
cicv5g,aoi_mean_s,historical_average,10,vehicle_count,2.2416120737435037,1.3683858679146712,-38.95527741671254
cicv5g,aoi_mean_s,historical_average,30,flow_proxy,18083.658396055525,19361.430723180572,7.065895070231214
cicv5g,aoi_mean_s,historical_average,30,speed_mean_kmh,5.476322678003817,5.47872819827698,0.043925831442186335
cicv5g,aoi_mean_s,historical_average,30,vehicle_count,1.931529423052972,1.3769604571498932,-28.7113909015887
cicv5g,aoi_mean_s,impaired_gru,5,flow_proxy,14975.636196224237,10151.561598282256,-32.21281910651007
cicv5g,aoi_mean_s,impaired_gru,5,speed_mean_kmh,4.093779208172694,2.8797476297647804,-29.65552155374443
cicv5g,aoi_mean_s,impaired_gru,5,vehicle_count,1.173483431740207,0.796062207613204,-32.16246695115779
cicv5g,aoi_mean_s,impaired_gru,10,flow_proxy,19920.84873159578,13063.863629378817,-34.42114939278611
cicv5g,aoi_mean_s,impaired_gru,10,speed_mean_kmh,4.988956326452173,3.3853624265048676,-32.14287301395143
cicv5g,aoi_mean_s,impaired_gru,10,vehicle_count,1.5369576874260336,1.0989875138232246,-28.495915947217306
cicv5g,aoi_mean_s,impaired_gru,30,flow_proxy,14726.77147378934,15168.026726065536,2.9962796194756005
cicv5g,aoi_mean_s,impaired_gru,30,speed_mean_kmh,4.166428029086746,4.614290677836444,10.74931919015855
cicv5g,aoi_mean_s,impaired_gru,30,vehicle_count,1.765495270071992,1.1886462329043523,-32.673496422155104
cicv5g,aoi_mean_s,persistence,5,flow_proxy,15676.616237423756,13743.569611005683,-12.330764478384078
cicv5g,aoi_mean_s,persistence,5,speed_mean_kmh,4.234218909753406,3.62668619618692,-14.34816491731769
cicv5g,aoi_mean_s,persistence,5,vehicle_count,1.1622088506597703,0.8888889074933206,-23.51728268628839
cicv5g,aoi_mean_s,persistence,10,flow_proxy,21069.35965136427,17623.902952400593,-16.35292555623039
cicv5g,aoi_mean_s,persistence,10,speed_mean_kmh,5.099902469545169,4.323304013236689,-15.227711891026985
cicv5g,aoi_mean_s,persistence,10,vehicle_count,1.6773080906397428,1.305100215233117,-22.19078744475519
cicv5g,aoi_mean_s,persistence,30,flow_proxy,32530.6631620049,26701.38100998087,-17.919346196516255
cicv5g,aoi_mean_s,persistence,30,speed_mean_kmh,7.755692463570391,6.485729672979322,-16.37458930867629
cicv5g,aoi_mean_s,persistence,30,vehicle_count,2.414150262228427,2.1994536263147015,-8.893258981577228
cicv5g,aoi_p95_s,ca_dtnet,5,flow_proxy,13021.156498031567,10278.784370657117,-21.060895226832685
cicv5g,aoi_p95_s,ca_dtnet,5,speed_mean_kmh,3.607514404245196,2.9442245068762722,-18.386340876414895
cicv5g,aoi_p95_s,ca_dtnet,5,vehicle_count,1.0339920138461942,0.7702159081827401,-25.51045845424149
cicv5g,aoi_p95_s,ca_dtnet,10,flow_proxy,16438.278830532374,12997.158823654308,-20.93357852334548
cicv5g,aoi_p95_s,ca_dtnet,10,speed_mean_kmh,4.304547688555815,3.4443825595420527,-19.982706413088415
cicv5g,aoi_p95_s,ca_dtnet,10,vehicle_count,1.371064820582939,1.060392173696899,-22.659223689221935
cicv5g,aoi_p95_s,ca_dtnet,30,flow_proxy,14825.536062410003,13659.85665819906,-7.862645905706743
cicv5g,aoi_p95_s,ca_dtnet,30,speed_mean_kmh,3.6517836831555077,3.9155321151252824,7.2224549461709655
cicv5g,aoi_p95_s,ca_dtnet,30,vehicle_count,1.916790265580829,1.036995511068302,-45.899374893579854
cicv5g,aoi_p95_s,graph_gru,5,flow_proxy,15000.038725946637,9294.004256778266,-38.04013158509006
cicv5g,aoi_p95_s,graph_gru,5,speed_mean_kmh,4.044272140628883,2.90161989556333,-28.25359428118286
cicv5g,aoi_p95_s,graph_gru,5,vehicle_count,1.1215291079908716,0.8301611863299366,-25.979523579637142
cicv5g,aoi_p95_s,graph_gru,10,flow_proxy,20092.88543940647,12240.032786714944,-39.08275233225828
cicv5g,aoi_p95_s,graph_gru,10,speed_mean_kmh,4.871134590626486,3.4191105199932603,-29.808744567363792
cicv5g,aoi_p95_s,graph_gru,10,vehicle_count,1.5379417473858414,1.1249374906309542,-26.85434963784991
cicv5g,aoi_p95_s,graph_gru,30,flow_proxy,15843.004588567805,15323.366600684398,-3.2799207055588795
cicv5g,aoi_p95_s,graph_gru,30,speed_mean_kmh,4.131304464041494,4.351574052710474,5.331720042737452
cicv5g,aoi_p95_s,graph_gru,30,vehicle_count,1.7973263001385253,1.2372573151018997,-31.161229982409782
cicv5g,aoi_p95_s,historical_average,5,flow_proxy,18894.9948628247,17346.353558098766,-8.196039829426027
cicv5g,aoi_p95_s,historical_average,5,speed_mean_kmh,5.867711431479623,5.266798345294397,-10.241012909007283
cicv5g,aoi_p95_s,historical_average,5,vehicle_count,2.185443615274706,1.4249718507093112,-34.79713481375229
cicv5g,aoi_p95_s,historical_average,10,flow_proxy,19140.700091913048,17712.70329824916,-7.460525408192736
cicv5g,aoi_p95_s,historical_average,10,speed_mean_kmh,5.952751748782563,5.237321565848551,-12.018478376466513
cicv5g,aoi_p95_s,historical_average,10,vehicle_count,2.2416120737435037,1.3579492839886371,-39.42086127048107
cicv5g,aoi_p95_s,historical_average,30,flow_proxy,18083.658396055525,19259.92138508187,6.504563198795359
cicv5g,aoi_p95_s,historical_average,30,speed_mean_kmh,5.476322678003817,5.408065294167903,-1.2464090910025387
cicv5g,aoi_p95_s,historical_average,30,vehicle_count,1.931529423052972,1.3471056481183643,-30.257047339468627
cicv5g,aoi_p95_s,impaired_gru,5,flow_proxy,14975.636196224237,10136.870574172186,-32.31091860570707
cicv5g,aoi_p95_s,impaired_gru,5,speed_mean_kmh,4.093779208172694,2.8502263789734186,-30.376646197211134
cicv5g,aoi_p95_s,impaired_gru,5,vehicle_count,1.173483431740207,0.8102013723862738,-30.957578644246336
cicv5g,aoi_p95_s,impaired_gru,10,flow_proxy,19920.84873159578,12416.839405651011,-37.66912457921106
cicv5g,aoi_p95_s,impaired_gru,10,speed_mean_kmh,4.988956326452173,3.2452704878659233,-34.950913998703136
cicv5g,aoi_p95_s,impaired_gru,10,vehicle_count,1.5369576874260336,1.072679289388137,-30.20762372415524
cicv5g,aoi_p95_s,impaired_gru,30,flow_proxy,14726.77147378934,15510.177819249071,5.319606859205379
cicv5g,aoi_p95_s,impaired_gru,30,speed_mean_kmh,4.166428029086746,4.487723883866908,7.711542159518189
cicv5g,aoi_p95_s,impaired_gru,30,vehicle_count,1.765495270071992,1.2057866497046068,-31.70264042532936
cicv5g,aoi_p95_s,persistence,5,flow_proxy,15676.616237423756,13841.897893140833,-11.703535485558739
cicv5g,aoi_p95_s,persistence,5,speed_mean_kmh,4.234218909753406,3.680528220708289,-13.07657207949379
cicv5g,aoi_p95_s,persistence,5,vehicle_count,1.1622088506597703,0.903688545165215,-22.243876659811114
cicv5g,aoi_p95_s,persistence,10,flow_proxy,21069.35965136427,17572.788899423125,-16.595524542736054
cicv5g,aoi_p95_s,persistence,10,speed_mean_kmh,5.099902469545169,4.325013297916894,-15.194195864258624
cicv5g,aoi_p95_s,persistence,10,vehicle_count,1.6773080906397428,1.2858606904154342,-23.3378351940831
cicv5g,aoi_p95_s,persistence,30,flow_proxy,32530.6631620049,26803.232544473358,-17.606252258082755
cicv5g,aoi_p95_s,persistence,30,speed_mean_kmh,7.755692463570391,6.466322392562276,-16.624822031069314
cicv5g,aoi_p95_s,persistence,30,vehicle_count,2.414150262228427,2.226434504887755,-7.775645099648154
see_v2x,latency_mean_ms,ca_dtnet,5,flow_proxy,12987.17491371607,13506.061297958022,3.9953753428972782
see_v2x,latency_mean_ms,ca_dtnet,5,speed_mean_kmh,3.58393540294191,3.6644832470088633,2.2474691864169185
see_v2x,latency_mean_ms,ca_dtnet,5,vehicle_count,0.9819898046075096,0.895158089070153,-8.842425272207354
see_v2x,latency_mean_ms,ca_dtnet,10,flow_proxy,16300.703048471036,15308.200779787081,-6.0887083565174205
see_v2x,latency_mean_ms,ca_dtnet,10,speed_mean_kmh,3.9684697821905432,3.966051753444048,-0.060931010518306544
see_v2x,latency_mean_ms,ca_dtnet,10,vehicle_count,1.3241193503399808,1.0700708945282296,-19.186220171761693
see_v2x,latency_mean_ms,ca_dtnet,30,flow_proxy,15122.54366641005,16006.497679419754,5.845273338324311
see_v2x,latency_mean_ms,ca_dtnet,30,speed_mean_kmh,3.938537749109138,4.799785003869778,21.867182884529377
see_v2x,latency_mean_ms,ca_dtnet,30,vehicle_count,1.8082974797041083,1.3057214168276803,-27.792775565853635
see_v2x,latency_mean_ms,graph_gru,5,flow_proxy,14346.91199025845,13737.018435364376,-4.251044094420918
see_v2x,latency_mean_ms,graph_gru,5,speed_mean_kmh,3.861651613809557,3.9075372352286246,1.1882382433504157
see_v2x,latency_mean_ms,graph_gru,5,vehicle_count,1.079585424383767,0.9829216357554641,-8.953787773496511
see_v2x,latency_mean_ms,graph_gru,10,flow_proxy,19012.23798118439,17881.691611343493,-5.94641394116335
see_v2x,latency_mean_ms,graph_gru,10,speed_mean_kmh,4.361706101152216,4.548622274765589,4.285391286117525
see_v2x,latency_mean_ms,graph_gru,10,vehicle_count,1.4503236549186875,1.2441828495559915,-14.213434583531628
see_v2x,latency_mean_ms,graph_gru,30,flow_proxy,16830.79605176977,14784.88230176541,-12.155775304448618
see_v2x,latency_mean_ms,graph_gru,30,speed_mean_kmh,4.36435269771697,4.834290518899658,10.767640762666876
see_v2x,latency_mean_ms,graph_gru,30,vehicle_count,1.7654706671716351,1.3296738272537818,-24.684456420200636
see_v2x,latency_mean_ms,historical_average,5,flow_proxy,19010.690449878133,18760.5140426543,-1.315977491103197
see_v2x,latency_mean_ms,historical_average,5,speed_mean_kmh,5.622296355224376,5.490573110843115,-2.342872659577493
see_v2x,latency_mean_ms,historical_average,5,vehicle_count,2.1059031996932767,1.4873571597436952,-29.37200708477349
see_v2x,latency_mean_ms,historical_average,10,flow_proxy,19235.811686105186,19184.389014688695,-0.26732779596510914
see_v2x,latency_mean_ms,historical_average,10,speed_mean_kmh,5.5612068745476515,5.456673380841035,-1.8796907915271646
see_v2x,latency_mean_ms,historical_average,10,vehicle_count,2.1086215510840534,1.517058886052033,-28.054472929125073
see_v2x,latency_mean_ms,historical_average,30,flow_proxy,19146.8493623108,21042.958892657465,9.902984530071196
see_v2x,latency_mean_ms,historical_average,30,speed_mean_kmh,5.741748392858826,5.782785742157546,0.7147186957597685
see_v2x,latency_mean_ms,historical_average,30,vehicle_count,1.9071662138459775,1.7754079125841862,-6.908590327071151
see_v2x,latency_mean_ms,impaired_gru,5,flow_proxy,14642.99934838513,14851.6778013785,1.4251073023249252
see_v2x,latency_mean_ms,impaired_gru,5,speed_mean_kmh,3.926037962706172,3.9000456564685604,-0.6620492827198902
see_v2x,latency_mean_ms,impaired_gru,5,vehicle_count,1.0966778205089234,0.9729337588105634,-11.283538178293927
see_v2x,latency_mean_ms,impaired_gru,10,flow_proxy,18911.398917571747,17380.399668134392,-8.095642506985557
see_v2x,latency_mean_ms,impaired_gru,10,speed_mean_kmh,4.4292064633474055,4.384950374590047,-0.999187755722568
see_v2x,latency_mean_ms,impaired_gru,10,vehicle_count,1.4369279923905818,1.2229152357399455,-14.893770341630791
see_v2x,latency_mean_ms,impaired_gru,30,flow_proxy,15857.63664278341,13713.198699455977,-13.523061422283146
see_v2x,latency_mean_ms,impaired_gru,30,speed_mean_kmh,4.445337157598506,4.823679382548556,8.510990520758194
see_v2x,latency_mean_ms,impaired_gru,30,vehicle_count,1.7882370747161562,1.2365787237468517,-30.849284789151337
see_v2x,latency_mean_ms,persistence,5,flow_proxy,16118.567796072668,16311.034402032228,1.194067664041068
see_v2x,latency_mean_ms,persistence,5,speed_mean_kmh,4.524597193798237,4.3265702616697475,-4.376675385871985
see_v2x,latency_mean_ms,persistence,5,vehicle_count,1.1553063415284568,1.0072860059480737,-12.812215165661812
see_v2x,latency_mean_ms,persistence,10,flow_proxy,21801.436642203127,20997.020857471794,-3.6897375064438602
see_v2x,latency_mean_ms,persistence,10,speed_mean_kmh,5.194594240357965,5.498004810217682,5.840890649713571
see_v2x,latency_mean_ms,persistence,10,vehicle_count,1.6203624376791574,1.3406193550066428,-17.2642289429251
see_v2x,latency_mean_ms,persistence,30,flow_proxy,31108.064762107104,31048.00595000028,-0.19306508638867037
see_v2x,latency_mean_ms,persistence,30,speed_mean_kmh,7.583341170029603,7.460435784109872,-1.6207286867614115
see_v2x,latency_mean_ms,persistence,30,vehicle_count,2.5194134063492912,2.14298730528012,-14.941021534076942
see_v2x,aoi_mean_s,ca_dtnet,5,flow_proxy,11456.8290506715,12844.830428318664,12.115057067772169
see_v2x,aoi_mean_s,ca_dtnet,5,speed_mean_kmh,3.282761486999464,3.328255176087831,1.3858359533566276
see_v2x,aoi_mean_s,ca_dtnet,5,vehicle_count,0.8426395009815542,0.8650114506497917,2.654984649625248
see_v2x,aoi_mean_s,ca_dtnet,10,flow_proxy,14766.701123301298,14325.499328061573,-2.9878155693367887
see_v2x,aoi_mean_s,ca_dtnet,10,speed_mean_kmh,3.631561531747896,3.581211333932047,-1.3864613675695836
see_v2x,aoi_mean_s,ca_dtnet,10,vehicle_count,1.228588967194362,0.9588048258549536,-21.95886063991022
see_v2x,aoi_mean_s,ca_dtnet,30,flow_proxy,14376.514986775304,15060.067204454852,4.754644768275617
see_v2x,aoi_mean_s,ca_dtnet,30,speed_mean_kmh,3.7836144739330386,4.816178393175222,27.290410363606625
see_v2x,aoi_mean_s,ca_dtnet,30,vehicle_count,1.4237908064628888,1.1343573301339953,-20.328370781877254
see_v2x,aoi_mean_s,graph_gru,5,flow_proxy,11935.277791467279,12979.957772146694,8.75287529063964
see_v2x,aoi_mean_s,graph_gru,5,speed_mean_kmh,3.3826711717562485,3.577386506289694,5.756259596960031
see_v2x,aoi_mean_s,graph_gru,5,vehicle_count,0.9374434379469463,0.9320842713863369,-0.5716789180559418
see_v2x,aoi_mean_s,graph_gru,10,flow_proxy,16075.801113209562,16672.12729547325,3.7094647916072554
see_v2x,aoi_mean_s,graph_gru,10,speed_mean_kmh,3.8605761985088862,4.091980311243443,5.994030430600787
see_v2x,aoi_mean_s,graph_gru,10,vehicle_count,1.3148210365139457,1.1423055465399095,-13.120834233026283
see_v2x,aoi_mean_s,graph_gru,30,flow_proxy,16102.686706603818,14220.185948586792,-11.690600409208923
see_v2x,aoi_mean_s,graph_gru,30,speed_mean_kmh,4.206533918203687,4.957878154783251,17.861361619883816
see_v2x,aoi_mean_s,graph_gru,30,vehicle_count,1.4759771422671843,1.286279941972216,-12.852312788418354
see_v2x,aoi_mean_s,historical_average,5,flow_proxy,17796.239185067905,19333.108877130555,8.63592400663681
see_v2x,aoi_mean_s,historical_average,5,speed_mean_kmh,5.489080111123259,5.448135457262967,-0.7459292441866188
see_v2x,aoi_mean_s,historical_average,5,vehicle_count,1.7761263951579616,1.3343820611526196,-24.871221593378372
see_v2x,aoi_mean_s,historical_average,10,flow_proxy,18338.272050478776,19670.901447958895,7.266930023783785
see_v2x,aoi_mean_s,historical_average,10,speed_mean_kmh,5.378720376157224,5.318499831848178,-1.1196072668888073
see_v2x,aoi_mean_s,historical_average,10,vehicle_count,1.7583394620561317,1.2914476403569524,-26.55299668346834
see_v2x,aoi_mean_s,historical_average,30,flow_proxy,19362.853353359566,20944.7680143521,8.169842698918368
see_v2x,aoi_mean_s,historical_average,30,speed_mean_kmh,5.519844442843843,5.918543735097227,7.223016801641441
see_v2x,aoi_mean_s,historical_average,30,vehicle_count,1.5588533251673613,1.6718468783487483,7.2485044379916515
see_v2x,aoi_mean_s,impaired_gru,5,flow_proxy,12354.430456716887,14090.652718939007,14.053438305419904
see_v2x,aoi_mean_s,impaired_gru,5,speed_mean_kmh,3.3862236156096004,3.5755845990998356,5.592099176738387
see_v2x,aoi_mean_s,impaired_gru,5,vehicle_count,0.9459632047689114,0.9150867596691123,-3.2640217524041684
see_v2x,aoi_mean_s,impaired_gru,10,flow_proxy,15831.986383974127,16450.60079447379,3.9073707840316447
see_v2x,aoi_mean_s,impaired_gru,10,speed_mean_kmh,3.793928387835828,3.9241225725397886,3.4316458048661964
see_v2x,aoi_mean_s,impaired_gru,10,vehicle_count,1.26377309644688,1.0987691263659225,-13.056455248115629
see_v2x,aoi_mean_s,impaired_gru,30,flow_proxy,15617.299371944719,13524.980124259337,-13.397445985076864
see_v2x,aoi_mean_s,impaired_gru,30,speed_mean_kmh,4.306878823849645,4.980236496092714,15.634469838130968
see_v2x,aoi_mean_s,impaired_gru,30,vehicle_count,1.498209077901298,1.1295063809886643,-24.609562169264045
see_v2x,aoi_mean_s,persistence,5,flow_proxy,15128.24699248626,15779.658105781593,4.3059259517539505
see_v2x,aoi_mean_s,persistence,5,speed_mean_kmh,4.2672893189331695,3.933747162646858,-7.816253611509806
see_v2x,aoi_mean_s,persistence,5,vehicle_count,1.001725654139206,0.9936248010457073,-0.8086897823926446
see_v2x,aoi_mean_s,persistence,10,flow_proxy,20303.01249829044,19269.06692635794,-5.092572208282158
see_v2x,aoi_mean_s,persistence,10,speed_mean_kmh,4.938420958780074,4.84692900323112,-1.8526560641012995
see_v2x,aoi_mean_s,persistence,10,vehicle_count,1.4477998734488131,1.2714025847945887,-12.183817022697044
see_v2x,aoi_mean_s,persistence,30,flow_proxy,29579.99053992658,29845.35022261947,0.8970918443486994
see_v2x,aoi_mean_s,persistence,30,speed_mean_kmh,7.27820413496809,7.254746547990341,-0.32229910717696053
see_v2x,aoi_mean_s,persistence,30,vehicle_count,2.37273521769224,2.1001822018092557,-11.48687020372153
see_v2x,aoi_p95_s,ca_dtnet,5,flow_proxy,10439.842253653225,15282.470215824253,46.38602619184023
see_v2x,aoi_p95_s,ca_dtnet,5,speed_mean_kmh,2.9492571860899153,3.3538800772660524,13.719484747297747
see_v2x,aoi_p95_s,ca_dtnet,5,vehicle_count,0.7659938757543399,0.9762751253517745,27.452079384465673
see_v2x,aoi_p95_s,ca_dtnet,10,flow_proxy,13405.589759177637,17411.203382901906,29.8801745814949
see_v2x,aoi_p95_s,ca_dtnet,10,speed_mean_kmh,3.5049399579426117,4.467977695040724,27.476582934554862
see_v2x,aoi_p95_s,ca_dtnet,10,vehicle_count,1.066671586343901,1.2937854285544592,21.291824305532135
see_v2x,aoi_p95_s,ca_dtnet,30,flow_proxy,13750.090221777768,15197.47511141339,10.526366491342456
see_v2x,aoi_p95_s,ca_dtnet,30,speed_mean_kmh,4.108577127841989,4.064067154418491,-1.083342771236774
see_v2x,aoi_p95_s,ca_dtnet,30,vehicle_count,1.0286299514293524,1.9201187364628447,86.66758877941948
see_v2x,aoi_p95_s,graph_gru,5,flow_proxy,9469.926260370925,16254.913939910994,71.64773508243921
see_v2x,aoi_p95_s,graph_gru,5,speed_mean_kmh,2.9403690219728786,3.91338119989431,33.09149862963209
see_v2x,aoi_p95_s,graph_gru,5,vehicle_count,0.8388147893168542,1.138673078229047,35.747853895329804
see_v2x,aoi_p95_s,graph_gru,10,flow_proxy,13118.319263883102,21036.053244122988,60.35631410521223
see_v2x,aoi_p95_s,graph_gru,10,speed_mean_kmh,3.563329295618094,4.967717372338136,39.41224501776541
see_v2x,aoi_p95_s,graph_gru,10,vehicle_count,1.1616978461539695,1.4175649544254072,22.025271624287605
see_v2x,aoi_p95_s,graph_gru,30,flow_proxy,15017.726405902838,18849.41245796564,25.51442174731707
see_v2x,aoi_p95_s,graph_gru,30,speed_mean_kmh,4.540611089740881,4.977038863483847,9.611652796423643
see_v2x,aoi_p95_s,graph_gru,30,vehicle_count,1.2477689848436413,1.9499404880387308,56.274158606022986
see_v2x,aoi_p95_s,historical_average,5,flow_proxy,17340.636865963268,18892.787819509507,8.950945490312142
see_v2x,aoi_p95_s,historical_average,5,speed_mean_kmh,5.242539955178254,5.802562519476735,10.682275538541179
see_v2x,aoi_p95_s,historical_average,5,vehicle_count,1.402836951586859,2.2397174591809663,59.65629153707541
see_v2x,aoi_p95_s,historical_average,10,flow_proxy,17973.57423934217,19239.8400136668,7.045152830827642
see_v2x,aoi_p95_s,historical_average,10,speed_mean_kmh,5.273799796422209,5.796220744786317,9.90596851492022
see_v2x,aoi_p95_s,historical_average,10,vehicle_count,1.3689414782676304,1.9806898392096228,44.68769236559179
see_v2x,aoi_p95_s,historical_average,30,flow_proxy,19502.91866122185,18698.307307704803,-4.1255945712190485
see_v2x,aoi_p95_s,historical_average,30,speed_mean_kmh,5.514246625264756,5.926407333946752,7.474469967413902
see_v2x,aoi_p95_s,historical_average,30,vehicle_count,1.3931799596430003,2.142380450821215,53.77628931674894
see_v2x,aoi_p95_s,impaired_gru,5,flow_proxy,10369.89246963827,17564.6653875786,69.38136474412609
see_v2x,aoi_p95_s,impaired_gru,5,speed_mean_kmh,2.8935208410491433,4.056114900245811,40.17921829646157
see_v2x,aoi_p95_s,impaired_gru,5,vehicle_count,0.8075857157672431,1.1302792322157453,39.957803382659925
see_v2x,aoi_p95_s,impaired_gru,10,flow_proxy,13366.30920876602,21157.652602562113,58.29091091713238
see_v2x,aoi_p95_s,impaired_gru,10,speed_mean_kmh,3.42738621416908,5.1917644352242265,51.47882688601557
see_v2x,aoi_p95_s,impaired_gru,10,vehicle_count,1.1113150280931114,1.3289651873621344,19.584919829977785
see_v2x,aoi_p95_s,impaired_gru,30,flow_proxy,15182.415971054668,14657.425218663513,-3.4578867644761293
see_v2x,aoi_p95_s,impaired_gru,30,speed_mean_kmh,4.666863775191376,5.043974294516412,8.080598377901255
see_v2x,aoi_p95_s,impaired_gru,30,vehicle_count,1.1843843937943876,1.9838263910072236,67.4985245205594
see_v2x,aoi_p95_s,persistence,5,flow_proxy,13790.143550669416,13869.629284473414,0.5763952602225244
see_v2x,aoi_p95_s,persistence,5,speed_mean_kmh,3.5731399521512364,2.6979655162577703,-24.493147348377605
see_v2x,aoi_p95_s,persistence,5,vehicle_count,0.9068162397600134,1.0000000259457016,10.275928139835285
see_v2x,aoi_p95_s,persistence,10,flow_proxy,17733.99551107966,22611.7335206402,27.505014346655965
see_v2x,aoi_p95_s,persistence,10,speed_mean_kmh,4.3252333308968725,5.365126165153367,24.042467823039203
see_v2x,aoi_p95_s,persistence,10,vehicle_count,1.3192407594399624,1.5409836648036033,16.80837270195751
see_v2x,aoi_p95_s,persistence,30,flow_proxy,26894.385775590312,23780.272086683795,-11.579047444659501
see_v2x,aoi_p95_s,persistence,30,speed_mean_kmh,6.537508737070103,6.5804295222870826,0.6565312090208008
see_v2x,aoi_p95_s,persistence,30,vehicle_count,2.202761074307804,2.459016505058996,11.633373795130291
see_v2x,packet_loss_mean,ca_dtnet,5,flow_proxy,13005.564644239303,12599.783126813118,-3.1200607472710558
see_v2x,packet_loss_mean,ca_dtnet,5,speed_mean_kmh,3.6201495739868896,3.780013796240424,4.41595626215741
see_v2x,packet_loss_mean,ca_dtnet,5,vehicle_count,1.0286534366488016,0.9045578635276192,-12.063885415002215
see_v2x,packet_loss_mean,ca_dtnet,10,flow_proxy,16387.547615664676,15629.887244085314,-4.623390816906985
see_v2x,packet_loss_mean,ca_dtnet,10,speed_mean_kmh,4.37738747462046,3.860009652504315,-11.819328856170571
see_v2x,packet_loss_mean,ca_dtnet,10,vehicle_count,1.3699267556217374,1.2062350862413675,-11.948935774393664
see_v2x,packet_loss_mean,ca_dtnet,30,flow_proxy,14464.93309968819,13954.878759945263,-3.526143786683469
see_v2x,packet_loss_mean,ca_dtnet,30,speed_mean_kmh,3.599246062942318,4.718348304357274,31.09268493276734
see_v2x,packet_loss_mean,ca_dtnet,30,vehicle_count,1.8769440472807462,1.3567629078152526,-27.71425911431344
see_v2x,packet_loss_mean,graph_gru,5,flow_proxy,14875.359788319673,11942.035782282437,-19.719348289905213
see_v2x,packet_loss_mean,graph_gru,5,speed_mean_kmh,4.022470568375694,3.8646556978079634,-3.9233318800670465
see_v2x,packet_loss_mean,graph_gru,5,vehicle_count,1.114958069007766,0.8814554493060189,-20.942726376721534
see_v2x,packet_loss_mean,graph_gru,10,flow_proxy,19794.3742854398,15284.77578231125,-22.78222306043495
see_v2x,packet_loss_mean,graph_gru,10,speed_mean_kmh,4.890976634215922,3.9079746896477547,-20.098275172314857
see_v2x,packet_loss_mean,graph_gru,10,vehicle_count,1.537412346076459,1.2188895585310613,-20.718110290090376
see_v2x,packet_loss_mean,graph_gru,30,flow_proxy,15887.883948196535,15349.536303593675,-3.388416269641936
see_v2x,packet_loss_mean,graph_gru,30,speed_mean_kmh,4.093881348673679,5.068617886571561,23.809594184568002
see_v2x,packet_loss_mean,graph_gru,30,vehicle_count,1.781326600264253,1.505513245315219,-15.483592585422512
see_v2x,packet_loss_mean,historical_average,5,flow_proxy,18981.088863609315,18796.440026775443,-0.972804237736778
see_v2x,packet_loss_mean,historical_average,5,speed_mean_kmh,5.800280225657893,5.7899268286462675,-0.17849822062004742
see_v2x,packet_loss_mean,historical_average,5,vehicle_count,2.173208501260422,1.6889296164722347,-22.28405062279616
see_v2x,packet_loss_mean,historical_average,10,flow_proxy,19158.179943158462,19098.975252980963,-0.3090308701198458
see_v2x,packet_loss_mean,historical_average,10,speed_mean_kmh,5.94836411863034,5.217725947855353,-12.28301016843134
see_v2x,packet_loss_mean,historical_average,10,vehicle_count,2.2213953850657884,1.6405363617701314,-26.148385136021872
see_v2x,packet_loss_mean,historical_average,30,flow_proxy,17992.829542668464,19080.54925161067,6.045295468187306
see_v2x,packet_loss_mean,historical_average,30,speed_mean_kmh,5.4618203520687345,5.924107748764743,8.463980249268232
see_v2x,packet_loss_mean,historical_average,30,vehicle_count,1.922979528783246,1.7142910729077652,-10.852349266676404
see_v2x,packet_loss_mean,impaired_gru,5,flow_proxy,14914.575813247604,12737.470389049286,-14.597166231593953
see_v2x,packet_loss_mean,impaired_gru,5,speed_mean_kmh,4.059521746359543,3.8718277351844113,-4.6235498277868645
see_v2x,packet_loss_mean,impaired_gru,5,vehicle_count,1.1693297820664588,0.8873846400242273,-24.11168722076031
see_v2x,packet_loss_mean,impaired_gru,10,flow_proxy,19720.5627651739,14974.908918044901,-24.0644950331099
see_v2x,packet_loss_mean,impaired_gru,10,speed_mean_kmh,5.002230092170452,3.7848217111853995,-24.337312680934502
see_v2x,packet_loss_mean,impaired_gru,10,vehicle_count,1.5457666297745623,1.1831731167353996,-23.457196171088544
see_v2x,packet_loss_mean,impaired_gru,30,flow_proxy,14487.899775782404,14740.608561551211,1.744274806421939
see_v2x,packet_loss_mean,impaired_gru,30,speed_mean_kmh,4.12542007403123,5.17159208359535,25.35916314592218
see_v2x,packet_loss_mean,impaired_gru,30,vehicle_count,1.758218507170808,1.4638202922718921,-16.74411980216425
see_v2x,packet_loss_mean,persistence,5,flow_proxy,15565.227008587166,15682.933408009178,0.7562138307202242
see_v2x,packet_loss_mean,persistence,5,speed_mean_kmh,4.276209008453549,4.424172583328704,3.460157682578972
see_v2x,packet_loss_mean,persistence,5,vehicle_count,1.1518550968328287,0.907786911290527,-21.18913951021132
see_v2x,packet_loss_mean,persistence,10,flow_proxy,20732.48021915847,19622.181105893193,-5.355360774630031
see_v2x,packet_loss_mean,persistence,10,speed_mean_kmh,5.0940421102833895,4.821344394832909,-5.353267778541839
see_v2x,packet_loss_mean,persistence,10,vehicle_count,1.6704055880739903,1.3750000383220862,-17.684659946812463
see_v2x,packet_loss_mean,persistence,30,flow_proxy,32231.90478153429,26201.33522551724,-18.70993848142075
see_v2x,packet_loss_mean,persistence,30,speed_mean_kmh,7.712430095872288,6.963031025193036,-9.716769687269586
see_v2x,packet_loss_mean,persistence,30,vehicle_count,2.418464325968825,2.3442623786146735,-3.0681431291161294
see_v2x,jitter_mean_ms,ca_dtnet,5,flow_proxy,14043.230453662844,13240.327023364807,-5.717369895386472
see_v2x,jitter_mean_ms,ca_dtnet,5,speed_mean_kmh,4.227811724169788,3.8496513849812564,-8.944587956274992
see_v2x,jitter_mean_ms,ca_dtnet,5,vehicle_count,1.011890495165335,1.0417910205765482,2.954917084267703
see_v2x,jitter_mean_ms,ca_dtnet,10,flow_proxy,17850.247548169336,14487.571916423743,-18.838257691773993
see_v2x,jitter_mean_ms,ca_dtnet,10,speed_mean_kmh,4.798025911563691,4.235035916220023,-11.733783946715064
see_v2x,jitter_mean_ms,ca_dtnet,10,vehicle_count,1.3419759661784756,1.3624484965717283,1.5255511839751414
see_v2x,jitter_mean_ms,ca_dtnet,30,flow_proxy,15747.115857846884,14334.739883368855,-8.969108929069932
see_v2x,jitter_mean_ms,ca_dtnet,30,speed_mean_kmh,4.8469618231456195,3.57634703723913,-26.214664559920326
see_v2x,jitter_mean_ms,ca_dtnet,30,vehicle_count,1.6065108238910693,1.9197950469061302,19.500909449596872
see_v2x,jitter_mean_ms,graph_gru,5,flow_proxy,13952.914114908808,14715.010523883426,5.4619157166585355
see_v2x,jitter_mean_ms,graph_gru,5,speed_mean_kmh,4.501759018697971,4.072792853949618,-9.528856653893826
see_v2x,jitter_mean_ms,graph_gru,5,vehicle_count,1.0498045620693917,1.140022083451377,8.593744377026967
see_v2x,jitter_mean_ms,graph_gru,10,flow_proxy,18154.80880749774,17884.123674028688,-1.4909831127338107
see_v2x,jitter_mean_ms,graph_gru,10,speed_mean_kmh,5.069143019982191,4.629501563570313,-8.672895079336962
see_v2x,jitter_mean_ms,graph_gru,10,vehicle_count,1.361976245229396,1.533194681719053,12.571323166042925
see_v2x,jitter_mean_ms,graph_gru,30,flow_proxy,15559.203106110688,16565.98592648617,6.470657999055445
see_v2x,jitter_mean_ms,graph_gru,30,speed_mean_kmh,5.0731771399100705,3.98398381550002,-21.469648944337735
see_v2x,jitter_mean_ms,graph_gru,30,vehicle_count,1.4749414938403191,1.9226586452326333,30.35490900666832
see_v2x,jitter_mean_ms,historical_average,5,flow_proxy,17942.261940183816,20210.08964540839,12.639586428867366
see_v2x,jitter_mean_ms,historical_average,5,speed_mean_kmh,5.758261172698171,5.538521354388106,-3.81607939164547
see_v2x,jitter_mean_ms,historical_average,5,vehicle_count,1.8912539825348826,2.153406041954974,13.861282538191722
see_v2x,jitter_mean_ms,historical_average,10,flow_proxy,19053.067966749863,18989.44832804718,-0.3339075828295702
see_v2x,jitter_mean_ms,historical_average,10,speed_mean_kmh,5.713432266200645,5.621220047466721,-1.6139548746912469
see_v2x,jitter_mean_ms,historical_average,10,vehicle_count,1.9502758415523447,2.159273302267393,10.716302545032
see_v2x,jitter_mean_ms,historical_average,30,flow_proxy,20051.759375417732,18291.85926867652,-8.776786484371387
see_v2x,jitter_mean_ms,historical_average,30,speed_mean_kmh,5.864488760197397,5.33444015903458,-9.038274637960912
see_v2x,jitter_mean_ms,historical_average,30,vehicle_count,1.9975895526228298,2.010457767978493,0.6441871541803237
see_v2x,jitter_mean_ms,impaired_gru,5,flow_proxy,15040.00932576446,14962.018882705785,-0.5185531562471937
see_v2x,jitter_mean_ms,impaired_gru,5,speed_mean_kmh,4.514670031152318,4.092501363477385,-9.351041467632472
see_v2x,jitter_mean_ms,impaired_gru,5,vehicle_count,1.0772084298111004,1.1734229056955496,8.931834576168137
see_v2x,jitter_mean_ms,impaired_gru,10,flow_proxy,17870.064667687042,17609.887424661527,-1.455939012329521
see_v2x,jitter_mean_ms,impaired_gru,10,speed_mean_kmh,5.014377584172672,4.614001226945862,-7.984567370676203
see_v2x,jitter_mean_ms,impaired_gru,10,vehicle_count,1.3739560499009864,1.5770693528052746,14.783100335750582
see_v2x,jitter_mean_ms,impaired_gru,30,flow_proxy,15027.552385230634,14628.55637422105,-2.6550964573675944
see_v2x,jitter_mean_ms,impaired_gru,30,speed_mean_kmh,5.048729708903811,4.083031474621351,-19.12754867163168
see_v2x,jitter_mean_ms,impaired_gru,30,vehicle_count,1.5396522369341685,1.9071043512865569,23.865916156331867
see_v2x,jitter_mean_ms,persistence,5,flow_proxy,16510.89415108067,16797.348641472196,1.7349423221431297
see_v2x,jitter_mean_ms,persistence,5,speed_mean_kmh,4.8336148744247405,4.709889418651233,-2.559687909191634
see_v2x,jitter_mean_ms,persistence,5,vehicle_count,1.033649736442781,1.200364348504785,16.128733416298736
see_v2x,jitter_mean_ms,persistence,10,flow_proxy,22291.605069433735,19668.950759623807,-11.765210722331238
see_v2x,jitter_mean_ms,persistence,10,speed_mean_kmh,6.077964944070539,4.872554422532906,-19.8324691018553
see_v2x,jitter_mean_ms,persistence,10,vehicle_count,1.408973302109565,1.693078385832789,20.16397906769801
see_v2x,jitter_mean_ms,persistence,30,flow_proxy,28408.537927839894,30989.80700921141,9.086244029619724
see_v2x,jitter_mean_ms,persistence,30,speed_mean_kmh,7.394977732698614,7.17481313284304,-2.977217883758364
see_v2x,jitter_mean_ms,persistence,30,vehicle_count,2.339085495460366,2.4635702523093257,5.321941269712557
see_v2x,throughput_mean_bps,ca_dtnet,5,flow_proxy,14649.833070748831,12493.804335304745,-14.717087389531654
see_v2x,throughput_mean_bps,ca_dtnet,5,speed_mean_kmh,4.691630846028378,3.566523742837801,-23.981151495431536
see_v2x,throughput_mean_bps,ca_dtnet,5,vehicle_count,1.0894058706831442,1.0168463897972615,-6.660463484957704
see_v2x,throughput_mean_bps,ca_dtnet,10,flow_proxy,18377.665992299575,16367.908433246754,-10.935869440079257
see_v2x,throughput_mean_bps,ca_dtnet,10,speed_mean_kmh,5.122190156423689,4.3981059748701075,-14.136222163323872
see_v2x,throughput_mean_bps,ca_dtnet,10,vehicle_count,1.442586657863345,1.383259106891175,-4.112581399358258
see_v2x,throughput_mean_bps,ca_dtnet,30,flow_proxy,15694.084929207464,14488.692023158064,-7.680555518119668
see_v2x,throughput_mean_bps,ca_dtnet,30,speed_mean_kmh,4.88495805643909,3.652566137386021,-25.228300883889187
see_v2x,throughput_mean_bps,ca_dtnet,30,vehicle_count,1.7787998827591618,1.8803947271991575,5.711426274172312
see_v2x,throughput_mean_bps,graph_gru,5,flow_proxy,14203.426682077119,14674.52212498428,3.3167731523639317
see_v2x,throughput_mean_bps,graph_gru,5,speed_mean_kmh,4.793737596480002,4.024562560556474,-16.04541380996293
see_v2x,throughput_mean_bps,graph_gru,5,vehicle_count,1.076542401477688,1.102922132152381,2.4504125795177405
see_v2x,throughput_mean_bps,graph_gru,10,flow_proxy,17969.573860254615,19884.171732544484,10.654664863942829
see_v2x,throughput_mean_bps,graph_gru,10,speed_mean_kmh,5.170350824061989,4.916846678388403,-4.903035670297555
see_v2x,throughput_mean_bps,graph_gru,10,vehicle_count,1.3791153146995425,1.5560814530287903,12.831859320235026
see_v2x,throughput_mean_bps,graph_gru,30,flow_proxy,16855.229715310103,15886.428219820087,-5.747779839567832
see_v2x,throughput_mean_bps,graph_gru,30,speed_mean_kmh,5.097532969752454,4.139769365805613,-18.788767188973672
see_v2x,throughput_mean_bps,graph_gru,30,vehicle_count,1.622006067105306,1.8057323594786157,11.327102590219303
see_v2x,throughput_mean_bps,historical_average,5,flow_proxy,17983.69199076195,18881.265397162228,4.99104080997859
see_v2x,throughput_mean_bps,historical_average,5,speed_mean_kmh,5.874905137022742,5.682904766266771,-3.268144181923892
see_v2x,throughput_mean_bps,historical_average,5,vehicle_count,2.132800889950416,2.1579612889562187,1.179688127775435
see_v2x,throughput_mean_bps,historical_average,10,flow_proxy,19037.832730539812,19024.313032491755,-0.07101490090499031
see_v2x,throughput_mean_bps,historical_average,10,speed_mean_kmh,5.840546556808854,5.965750991430719,2.1437109213953884
see_v2x,throughput_mean_bps,historical_average,10,vehicle_count,2.138860594425515,2.2160642481199857,3.609569204029888
see_v2x,throughput_mean_bps,historical_average,30,flow_proxy,19488.036826321957,18024.121650212768,-7.511865813652238
see_v2x,throughput_mean_bps,historical_average,30,speed_mean_kmh,5.913133591655023,5.446521731571475,-7.891109714702678
see_v2x,throughput_mean_bps,historical_average,30,vehicle_count,2.0619714141532763,1.9232836205537276,-6.725980388234489
see_v2x,throughput_mean_bps,impaired_gru,5,flow_proxy,15016.817390572322,14642.301158390537,-2.493978733580786
see_v2x,throughput_mean_bps,impaired_gru,5,speed_mean_kmh,4.812596931743097,4.0659176443709155,-15.515101231430743
see_v2x,throughput_mean_bps,impaired_gru,5,vehicle_count,1.0956508883968978,1.1570810084518564,5.60672383373573
see_v2x,throughput_mean_bps,impaired_gru,10,flow_proxy,17481.3847733182,19310.78393737122,10.464841245552698
see_v2x,throughput_mean_bps,impaired_gru,10,speed_mean_kmh,5.149250419456002,4.964155400509458,-3.594601223660004
see_v2x,throughput_mean_bps,impaired_gru,10,vehicle_count,1.3916494519443239,1.5658953403506566,12.520817430769347
see_v2x,throughput_mean_bps,impaired_gru,30,flow_proxy,16285.12291551724,14683.330059492142,-9.835927332779603
see_v2x,throughput_mean_bps,impaired_gru,30,speed_mean_kmh,5.093295022100366,4.132667432722627,-18.860631149843226
see_v2x,throughput_mean_bps,impaired_gru,30,vehicle_count,1.7410814283258773,1.7771605678253475,2.072225842242151
see_v2x,throughput_mean_bps,persistence,5,flow_proxy,16979.361167180192,15611.595873072205,-8.055457921178844
see_v2x,throughput_mean_bps,persistence,5,speed_mean_kmh,5.474150344767408,4.274972334802169,-21.90619424475401
see_v2x,throughput_mean_bps,persistence,5,vehicle_count,1.0473588767767934,1.1596204099176415,10.718535409226213
see_v2x,throughput_mean_bps,persistence,10,flow_proxy,23341.804145829163,20850.277098314524,-10.674097991516096
see_v2x,throughput_mean_bps,persistence,10,speed_mean_kmh,6.496736978243553,5.032125089339062,-22.543807630735888
see_v2x,throughput_mean_bps,persistence,10,vehicle_count,1.462659434934688,1.701466852295499,16.32693230046277
see_v2x,throughput_mean_bps,persistence,30,flow_proxy,27376.341474897417,32862.85182580443,20.041064858632886
see_v2x,throughput_mean_bps,persistence,30,speed_mean_kmh,7.392014667474843,7.690279918001395,4.034965615469279
see_v2x,throughput_mean_bps,persistence,30,vehicle_count,2.5245902575988843,2.429680891537738,-3.75939681298913
