model,domain,horizon_s,target,MAE,RMSE,WAPE,R2,seed
dcrnn,clean,5,speed_mean_kmh,3.8866840254182935,7.445073990061442,0.49231443895557675,0.5209175488720518,42
dcrnn,clean,5,vehicle_count,1.0953378590977547,1.8365254999056764,0.242977784246768,0.9113252877608142,42
dcrnn,clean,5,flow_proxy,13488.112452817113,22134.870472509137,0.42047483274971886,0.7764618028342003,42
dcrnn,clean,10,speed_mean_kmh,4.29863275131155,7.795627944414467,0.536370098902943,0.4782482512934494,42
dcrnn,clean,10,vehicle_count,1.3690938800988246,2.2956328656288254,0.30165907985257795,0.8590946157850133,42
dcrnn,clean,10,flow_proxy,15809.360648019514,26211.972382726246,0.48291031509443644,0.6966355384593154,42
dcrnn,clean,30,speed_mean_kmh,4.362328149173226,7.675366465626302,0.554567404821054,0.4873737703590857,42
dcrnn,clean,30,vehicle_count,1.5679274698071537,2.642574757143739,0.3516133118404843,0.8038189912833055,42
dcrnn,clean,30,flow_proxy,16035.628943458913,25689.782080490797,0.503829929363956,0.7017857216706589,42
dcrnn,cicv5g,5,speed_mean_kmh,3.8866840254182935,7.445073990061442,0.49231443895557675,0.5209175488720518,42
dcrnn,cicv5g,5,vehicle_count,1.0953378590977547,1.8365254999056764,0.242977784246768,0.9113252877608142,42
dcrnn,cicv5g,5,flow_proxy,13488.112452817113,22134.870472509137,0.42047483274971886,0.7764618028342003,42
dcrnn,cicv5g,10,speed_mean_kmh,4.29863275131155,7.795627944414467,0.536370098902943,0.4782482512934494,42
dcrnn,cicv5g,10,vehicle_count,1.3690938800988246,2.2956328656288254,0.30165907985257795,0.8590946157850133,42
dcrnn,cicv5g,10,flow_proxy,15809.360648019514,26211.972382726246,0.48291031509443644,0.6966355384593154,42
dcrnn,cicv5g,30,speed_mean_kmh,4.362328149173226,7.675366465626302,0.554567404821054,0.4873737703590857,42
dcrnn,cicv5g,30,vehicle_count,1.5679274698071537,2.642574757143739,0.3516133118404843,0.8038189912833055,42
dcrnn,cicv5g,30,flow_proxy,16035.628943458913,25689.782080490797,0.503829929363956,0.7017857216706589,42
dcrnn,see_v2x,5,speed_mean_kmh,3.888215695318234,7.445690449457917,0.492508450921181,0.5208382085979091,42
dcrnn,see_v2x,5,vehicle_count,1.096863876510165,1.8432629095267818,0.24331629927800671,0.9106734767964113,42
dcrnn,see_v2x,5,flow_proxy,13488.684465267,22145.09420212228,0.42049266451380285,0.7762552579726267,42
dcrnn,see_v2x,10,speed_mean_kmh,4.30131495630647,7.798733282220436,0.536704776146065,0.47783249565623964,42
dcrnn,see_v2x,10,vehicle_count,1.3717194463615685,2.3015360975037744,0.3022375835727568,0.8583690061692255,42
dcrnn,see_v2x,10,flow_proxy,15817.879902466848,26244.11372463858,0.4831705429392637,0.6958911061947177,42
dcrnn,see_v2x,30,speed_mean_kmh,4.356133737788221,7.6713309015662885,0.5537799311306973,0.48791268720337877,42
dcrnn,see_v2x,30,vehicle_count,1.5658888331121863,2.637946607306168,0.35115614031070347,0.8045055641149277,42
dcrnn,see_v2x,30,flow_proxy,16040.98200242795,25717.964153405173,0.5039981192947508,0.701131071792449,42
graph_wavenet,clean,5,speed_mean_kmh,3.7656387814831174,7.412283707215086,0.47698200622719883,0.5251282941344666,42
graph_wavenet,clean,5,vehicle_count,1.0415306053867752,1.825729916470308,0.2310417709203714,0.912364730596837,42
graph_wavenet,clean,5,flow_proxy,13167.562640475739,22440.275065778165,0.41048209809513475,0.7702507373443117,42
graph_wavenet,clean,10,speed_mean_kmh,4.158716102323299,7.732149292921011,0.5189117322087659,0.486710751458164,42
graph_wavenet,clean,10,vehicle_count,1.3244951015940332,2.334644092528744,0.2918324151644462,0.8542649253052361,42
graph_wavenet,clean,10,flow_proxy,15608.237360806022,27008.821911039333,0.47676683388963115,0.6779104890991443,42
graph_wavenet,clean,30,speed_mean_kmh,4.600455180956342,7.977266695762045,0.5848396552153144,0.4462537392452134,42
graph_wavenet,clean,30,vehicle_count,1.6517281561610606,2.9173776206047117,0.3704059138139843,0.7608955310898179,42
graph_wavenet,clean,30,flow_proxy,15307.212675234161,25941.330182401656,0.4809435232079358,0.6959170458743866,42
graph_wavenet,cicv5g,5,speed_mean_kmh,3.7656387814831174,7.412283707215086,0.47698200622719883,0.5251282941344666,42
graph_wavenet,cicv5g,5,vehicle_count,1.0415306053867752,1.825729916470308,0.2310417709203714,0.912364730596837,42
graph_wavenet,cicv5g,5,flow_proxy,13167.562640475739,22440.275065778165,0.41048209809513475,0.7702507373443117,42
graph_wavenet,cicv5g,10,speed_mean_kmh,4.158716102323299,7.732149292921011,0.5189117322087659,0.486710751458164,42
graph_wavenet,cicv5g,10,vehicle_count,1.3244951015940332,2.334644092528744,0.2918324151644462,0.8542649253052361,42
graph_wavenet,cicv5g,10,flow_proxy,15608.237360806022,27008.821911039333,0.47676683388963115,0.6779104890991443,42
graph_wavenet,cicv5g,30,speed_mean_kmh,4.600455180956342,7.977266695762045,0.5848396552153144,0.4462537392452134,42
graph_wavenet,cicv5g,30,vehicle_count,1.6517281561610606,2.9173776206047117,0.3704059138139843,0.7608955310898179,42
graph_wavenet,cicv5g,30,flow_proxy,15307.212675234161,25941.330182401656,0.4809435232079358,0.6959170458743866,42
graph_wavenet,see_v2x,5,speed_mean_kmh,3.768463495638155,7.414358748786936,0.47733980417407396,0.5248623797425078,42
graph_wavenet,see_v2x,5,vehicle_count,1.0433451981044966,1.8339232854299756,0.23144430034469482,0.9115764001379044,42
graph_wavenet,see_v2x,5,flow_proxy,13173.601450400849,22439.376000130243,0.41067035035075244,0.7702691467025923,42
graph_wavenet,see_v2x,10,speed_mean_kmh,4.163209630849341,7.737168008425615,0.5194724207996209,0.4860442126645612,42
graph_wavenet,see_v2x,10,vehicle_count,1.327295615398848,2.3426834266714396,0.29244946592316695,0.8532595213664128,42
graph_wavenet,see_v2x,10,flow_proxy,15610.968640355979,26999.229656675052,0.47685026313749546,0.6781392303521547,42
graph_wavenet,see_v2x,30,speed_mean_kmh,4.60381358708584,7.983989334786228,0.5852665975515815,0.4453200347715701,42
graph_wavenet,see_v2x,30,vehicle_count,1.6542344858655023,2.921254593729447,0.37096796716460984,0.7602596054895442,42
graph_wavenet,see_v2x,30,flow_proxy,15318.672941722296,25976.611245178847,0.48130359796868066,0.6950893577653738,42
graph_gru,clean,5,speed_mean_kmh,3.9800693874172963,7.41175032083793,0.504143278603599,0.5251966350117073,42
graph_gru,clean,5,vehicle_count,1.0463099204849027,1.689888873250352,0.23210196196837984,0.9249203645918509,42
graph_gru,clean,5,flow_proxy,14064.081986470252,23374.95183756366,0.4384299539113278,0.7507132339791185,42
graph_gru,clean,10,speed_mean_kmh,4.427106169024479,7.822902538302215,0.552400614592858,0.4745909548118663,42
graph_gru,clean,10,vehicle_count,1.3407816614274153,2.227789300775521,0.2954209117056384,0.8672999920887703,42
graph_gru,clean,10,flow_proxy,17118.422492938887,28514.212336190183,0.522896718218671,0.6410052825381621,42
graph_gru,clean,30,speed_mean_kmh,4.4884552781832285,7.745445702980354,0.5706015022618584,0.4779700610059101,42
graph_gru,clean,30,vehicle_count,1.65037968058465,2.8139868722324675,0.370103513369775,0.7775427659515936,42
graph_gru,clean,30,flow_proxy,16021.54262408788,26662.179858711468,0.5033873455826319,0.6787827199126433,42
graph_gru,cicv5g,5,speed_mean_kmh,3.9800693874172963,7.41175032083793,0.504143278603599,0.5251966350117073,42
graph_gru,cicv5g,5,vehicle_count,1.0463099204849027,1.689888873250352,0.23210196196837984,0.9249203645918509,42
graph_gru,cicv5g,5,flow_proxy,14064.081986470252,23374.95183756366,0.4384299539113278,0.7507132339791185,42
graph_gru,cicv5g,10,speed_mean_kmh,4.427106169024479,7.822902538302215,0.552400614592858,0.4745909548118663,42
graph_gru,cicv5g,10,vehicle_count,1.3407816614274153,2.227789300775521,0.2954209117056384,0.8672999920887703,42
graph_gru,cicv5g,10,flow_proxy,17118.422492938887,28514.212336190183,0.522896718218671,0.6410052825381621,42
graph_gru,cicv5g,30,speed_mean_kmh,4.4884552781832285,7.745445702980354,0.5706015022618584,0.4779700610059101,42
graph_gru,cicv5g,30,vehicle_count,1.65037968058465,2.8139868722324675,0.370103513369775,0.7775427659515936,42
graph_gru,cicv5g,30,flow_proxy,16021.54262408788,26662.179858711468,0.5033873455826319,0.6787827199126433,42
graph_gru,see_v2x,5,speed_mean_kmh,3.981824523443242,7.412411059026261,0.5043655963434135,0.5251119762778573,42
graph_gru,see_v2x,5,vehicle_count,1.0486718067885221,1.7007522573023437,0.2326258970226917,0.9239519689607492,42
graph_gru,see_v2x,5,flow_proxy,14038.079098368757,23329.36785929334,0.43761934678866826,0.7516845645318242,42
graph_gru,see_v2x,10,speed_mean_kmh,4.427447301766454,7.823439718360088,0.5524431800812675,0.47451879516261397,42
graph_gru,see_v2x,10,vehicle_count,1.3426218592907233,2.2351539212726825,0.2958263714058542,0.8664211831714087,42
graph_gru,see_v2x,10,flow_proxy,17078.9904324402,28443.077277423912,0.5216922325228736,0.6427942329756232,42
graph_gru,see_v2x,30,speed_mean_kmh,4.501074810116711,7.756240469615275,0.572205778885508,0.47651394900279764,42
graph_gru,see_v2x,30,vehicle_count,1.6539120962835847,2.8174901915206156,0.3708956701542036,0.7769885175634368,42
graph_gru,see_v2x,30,flow_proxy,16076.42896579987,26755.49586025405,0.5051118418132009,0.676530303403978,42
ca_dtnet,clean,5,speed_mean_kmh,3.793175679992623,7.867465697624077,0.48047002137111694,0.46501458456953504,42
ca_dtnet,clean,5,vehicle_count,0.9129578661679761,1.6238207963217217,0.20252059909156744,0.9306762479305097,42
ca_dtnet,clean,5,flow_proxy,13128.371226157735,22536.086205299125,0.4092603553614325,0.7682846713285241,42
ca_dtnet,clean,10,speed_mean_kmh,4.224432503637051,8.201587143117068,0.5271116215018087,0.42249265349746956,42
ca_dtnet,clean,10,vehicle_count,1.192274415342399,2.0938124813944565,0.2626995915269135,0.8827809250640639,42
ca_dtnet,clean,10,flow_proxy,16272.61440180511,28388.31422907628,0.49706079348442167,0.6441684053201693,42
ca_dtnet,clean,30,speed_mean_kmh,4.246182561707115,8.299332155201789,0.5398022255819117,0.4006384541014014,42
ca_dtnet,clean,30,vehicle_count,1.5373615683235606,2.7761383256733994,0.34475879971731954,0.7834866884778483,42
ca_dtnet,clean,30,flow_proxy,13898.400967330399,24309.936472486217,0.4366794967838396,0.7329606632366243,42
ca_dtnet,cicv5g,5,speed_mean_kmh,3.7887763924042273,7.8093563434261215,0.4799127769986079,0.4728882381627323,42
ca_dtnet,cicv5g,5,vehicle_count,0.9207799814470745,1.6532209905783342,0.20425577168954892,0.928143231298884,42
ca_dtnet,cicv5g,5,flow_proxy,13046.392608098475,22366.296022707753,0.4067047757102323,0.7717630730068934,42
ca_dtnet,cicv5g,10,speed_mean_kmh,4.184331060296501,8.076112585593384,0.5221078874367949,0.4400278408986741,42
ca_dtnet,cicv5g,10,vehicle_count,1.206790369790874,2.128830964801878,0.2658979620154244,0.8788272182026778,42
ca_dtnet,cicv5g,10,flow_proxy,16114.70441363913,28061.27497511247,0.49223729911045117,0.6523196882676434,42
ca_dtnet,cicv5g,30,speed_mean_kmh,4.22005909513223,8.159006339252217,0.5364812413349772,0.4207352188938448,42
ca_dtnet,cicv5g,30,vehicle_count,1.549523017148207,2.8120519374545077,0.34748604787155873,0.7778485898733752,42
ca_dtnet,cicv5g,30,flow_proxy,13701.506453465963,23963.79156109087,0.4304931881979868,0.7405111749164757,42
ca_dtnet,see_v2x,5,speed_mean_kmh,3.788971523453027,7.802714431299258,0.4799374936548074,0.4737844813418177,42
ca_dtnet,see_v2x,5,vehicle_count,0.9205037971998626,1.6483647523154286,0.20419450599342237,0.9285647612412217,42
ca_dtnet,see_v2x,5,flow_proxy,13033.40559626,22360.57292148016,0.4062999220548521,0.7718798608663731,42
ca_dtnet,see_v2x,10,speed_mean_kmh,4.177294642762706,8.06955626833416,0.5212299050207877,0.4409366605467714,42
ca_dtnet,see_v2x,10,vehicle_count,1.2110987303844412,2.126142813146128,0.2668472439538075,0.8791330434780311,42
ca_dtnet,see_v2x,10,flow_proxy,16125.056207783497,28097.409163795655,0.49255350343289955,0.6514237036976107,42
ca_dtnet,see_v2x,30,speed_mean_kmh,4.216088970551712,8.162981768845581,0.5359765333877194,0.4201705944096926,42
ca_dtnet,see_v2x,30,vehicle_count,1.5357303182210627,2.7796518294586376,0.34439298607987495,0.782938299574063,42
ca_dtnet,see_v2x,30,flow_proxy,13706.154993394734,23943.500072357434,0.43063924255932284,0.7409504363994542,42
dcrnn,clean,5,speed_mean_kmh,3.902104903131681,7.446532539918625,0.49426775461232136,0.5207298182763564,52
dcrnn,clean,5,vehicle_count,1.1174277157494243,1.9144776634498428,0.2478779567177283,0.9036378525966121,52
dcrnn,clean,5,flow_proxy,14041.746413161705,23000.899603567268,0.4377336706853291,0.758627705545351,52
dcrnn,clean,10,speed_mean_kmh,4.36480303047598,7.734809430548081,0.5446266216703349,0.48635751075659484,52
dcrnn,clean,10,vehicle_count,1.4605562197227795,2.46601557655577,0.32181141974188826,0.8374023172451004,52
dcrnn,clean,10,flow_proxy,17183.89621969,27904.136139073482,0.5248966686733244,0.656202698452654,52
dcrnn,clean,30,speed_mean_kmh,4.337441947471211,7.7715518785949165,0.5514037096973032,0.4744451063802936,52
dcrnn,clean,30,vehicle_count,1.6396827751538876,2.7332885231433344,0.3677046942806385,0.7901188889461088,52
dcrnn,clean,30,flow_proxy,15576.729984018755,25862.316256147915,0.48941159684109975,0.6977666192543077,52
dcrnn,cicv5g,5,speed_mean_kmh,3.902104903131681,7.446532539918625,0.49426775461232136,0.5207298182763564,52
dcrnn,cicv5g,5,vehicle_count,1.1174277157494243,1.9144776634498428,0.2478779567177283,0.9036378525966121,52
dcrnn,cicv5g,5,flow_proxy,14041.746413161705,23000.899603567268,0.4377336706853291,0.758627705545351,52
dcrnn,cicv5g,10,speed_mean_kmh,4.36480303047598,7.734809430548081,0.5446266216703349,0.48635751075659484,52
dcrnn,cicv5g,10,vehicle_count,1.4605562197227795,2.46601557655577,0.32181141974188826,0.8374023172451004,52
dcrnn,cicv5g,10,flow_proxy,17183.89621969,27904.136139073482,0.5248966686733244,0.656202698452654,52
dcrnn,cicv5g,30,speed_mean_kmh,4.337441947471211,7.7715518785949165,0.5514037096973032,0.4744451063802936,52
dcrnn,cicv5g,30,vehicle_count,1.6396827751538876,2.7332885231433344,0.3677046942806385,0.7901188889461088,52
dcrnn,cicv5g,30,flow_proxy,15576.729984018755,25862.316256147915,0.48941159684109975,0.6977666192543077,52
dcrnn,see_v2x,5,speed_mean_kmh,3.9065397441940863,7.446396088377113,0.49482950243519985,0.5207473825737181,52
dcrnn,see_v2x,5,vehicle_count,1.118214078571508,1.9202229312383776,0.24805239485527364,0.9030586271954484,52
dcrnn,see_v2x,5,flow_proxy,14047.097671161082,23010.291766481256,0.43790048937995074,0.7584305418860748,52
dcrnn,see_v2x,10,speed_mean_kmh,4.370061074745766,7.741659593591458,0.5452827041710232,0.48544731564830546,52
dcrnn,see_v2x,10,vehicle_count,1.463516315092706,2.470465999160425,0.3224636318790891,0.8368149070305001,52
dcrnn,see_v2x,10,flow_proxy,17194.18405044079,27923.99434091504,0.5252109191797245,0.6557131921309327,52
dcrnn,see_v2x,30,speed_mean_kmh,4.336085339582555,7.764824729502651,0.5512312489170856,0.47535456590678926,52
dcrnn,see_v2x,30,vehicle_count,1.6387840618240426,2.7322035166606655,0.3675031546199163,0.7902854847268389,52
dcrnn,see_v2x,30,flow_proxy,15568.975157976794,25844.707931744524,0.48916794481655324,0.6981780295613148,52
graph_wavenet,clean,5,speed_mean_kmh,3.930790302641698,7.821334792990851,0.49790124688327353,0.47126996803795607,52
graph_wavenet,clean,5,vehicle_count,1.021776270337309,1.811930495275076,0.22665968504639158,0.9136844721362656,52
graph_wavenet,clean,5,flow_proxy,13770.843869307368,23504.090670884925,0.4292886267833682,0.7479511723449639,52
graph_wavenet,clean,10,speed_mean_kmh,4.582889106051126,8.396637732996316,0.5718387276335404,0.3946974013498249,52
graph_wavenet,clean,10,vehicle_count,1.3180832398224063,2.3556539446406455,0.2904196586323439,0.8516301343946198,52
graph_wavenet,clean,10,flow_proxy,16702.71268861436,28901.7116894492,0.5101985100454421,0.6311817284668251,52
graph_wavenet,clean,30,speed_mean_kmh,4.75840741048488,8.254774947305137,0.6049195655338315,0.40705684720780533,52
graph_wavenet,clean,30,vehicle_count,1.6255896417950115,2.85352685335468,0.3645442589990668,0.7712472484271692,52
graph_wavenet,clean,30,flow_proxy,15623.972823138622,26549.679606119593,0.4908959387637422,0.6814877339663721,52
graph_wavenet,cicv5g,5,speed_mean_kmh,3.930790302641698,7.821334792990851,0.49790124688327353,0.47126996803795607,52
graph_wavenet,cicv5g,5,vehicle_count,1.021776270337309,1.811930495275076,0.22665968504639158,0.9136844721362656,52
graph_wavenet,cicv5g,5,flow_proxy,13770.843869307368,23504.090670884925,0.4292886267833682,0.7479511723449639,52
graph_wavenet,cicv5g,10,speed_mean_kmh,4.582889106051126,8.396637732996316,0.5718387276335404,0.3946974013498249,52
graph_wavenet,cicv5g,10,vehicle_count,1.3180832398224063,2.3556539446406455,0.2904196586323439,0.8516301343946198,52
graph_wavenet,cicv5g,10,flow_proxy,16702.71268861436,28901.7116894492,0.5101985100454421,0.6311817284668251,52
graph_wavenet,cicv5g,30,speed_mean_kmh,4.75840741048488,8.254774947305137,0.6049195655338315,0.40705684720780533,52
graph_wavenet,cicv5g,30,vehicle_count,1.6255896417950115,2.85352685335468,0.3645442589990668,0.7712472484271692,52
graph_wavenet,cicv5g,30,flow_proxy,15623.972823138622,26549.679606119593,0.4908959387637422,0.6814877339663721,52
graph_wavenet,see_v2x,5,speed_mean_kmh,3.9333801777787385,7.823009189475417,0.4982292984863158,0.47104356206162723,52
graph_wavenet,see_v2x,5,vehicle_count,1.0237266135411447,1.81580397776503,0.22709232787549924,0.9133150329566462,52
graph_wavenet,see_v2x,5,flow_proxy,13768.300947150534,23521.40589234493,0.42920935440390584,0.7475796720056196,52
graph_wavenet,see_v2x,10,speed_mean_kmh,4.58354027840366,8.396847555952757,0.5719199789055932,0.3946671492485182,52
graph_wavenet,see_v2x,10,vehicle_count,1.3198552350158066,2.357508810862108,0.29081009090825605,0.8513963864769836,52
graph_wavenet,see_v2x,10,flow_proxy,16697.191363391456,28892.48475057011,0.5100298564886985,0.6314171830632507,52
graph_wavenet,see_v2x,30,speed_mean_kmh,4.757622975726931,8.25335674793934,0.6048198431073907,0.4072605691439758,52
graph_wavenet,see_v2x,30,vehicle_count,1.6246684907799491,2.8526871678300427,0.3643376876076292,0.7713818552650054,52
graph_wavenet,see_v2x,30,flow_proxy,15634.395322936163,26563.854780547816,0.49122340751194704,0.6811475285634048,52
graph_gru,clean,5,speed_mean_kmh,3.932384197712982,7.432721166423681,0.4981031407219909,0.5225060116493245,52
graph_gru,clean,5,vehicle_count,1.0338052571986438,1.7333960161723478,0.22932806407668288,0.9210046640635172,52
graph_gru,clean,5,flow_proxy,13704.55996321913,22564.13801934761,0.4272223099118308,0.7677074565703541,52
graph_gru,clean,10,speed_mean_kmh,4.422227432848132,7.909659739496014,0.5517918609828572,0.4628725985149872,52
graph_gru,clean,10,vehicle_count,1.3345863891586944,2.2663121308686995,0.29405587738682043,0.8626710283743019,52
graph_gru,clean,10,flow_proxy,16687.178300837913,27721.462645906842,0.509723999009674,0.6606892796509979,52
graph_gru,clean,30,speed_mean_kmh,4.431455520128573,7.8102785403348,0.5633553238867196,0.469194238159953,52
graph_gru,clean,30,vehicle_count,1.588975399433076,2.753277741531674,0.356333384921458,0.7870378382763893,52
graph_gru,clean,30,flow_proxy,15452.497514911198,25710.70690040724,0.4855082865090967,0.7012997213314262,52
graph_gru,cicv5g,5,speed_mean_kmh,3.932384197712982,7.432721166423681,0.4981031407219909,0.5225060116493245,52
graph_gru,cicv5g,5,vehicle_count,1.0338052571986438,1.7333960161723478,0.22932806407668288,0.9210046640635172,52
graph_gru,cicv5g,5,flow_proxy,13704.55996321913,22564.13801934761,0.4272223099118308,0.7677074565703541,52
graph_gru,cicv5g,10,speed_mean_kmh,4.422227432848132,7.909659739496014,0.5517918609828572,0.4628725985149872,52
graph_gru,cicv5g,10,vehicle_count,1.3345863891586944,2.2663121308686995,0.29405587738682043,0.8626710283743019,52
graph_gru,cicv5g,10,flow_proxy,16687.178300837913,27721.462645906842,0.509723999009674,0.6606892796509979,52
graph_gru,cicv5g,30,speed_mean_kmh,4.431455520128573,7.8102785403348,0.5633553238867196,0.469194238159953,52
graph_gru,cicv5g,30,vehicle_count,1.588975399433076,2.753277741531674,0.356333384921458,0.7870378382763893,52
graph_gru,cicv5g,30,flow_proxy,15452.497514911198,25710.70690040724,0.4855082865090967,0.7012997213314262,52
graph_gru,see_v2x,5,speed_mean_kmh,3.936117951533184,7.434436697126606,0.4985760839571934,0.5222855674505116,52
graph_gru,see_v2x,5,vehicle_count,1.0362874703395233,1.7447726499981326,0.2298786911220184,0.9199643360806715,52
graph_gru,see_v2x,5,flow_proxy,13725.088245497504,22600.193679936634,0.4278622531275945,0.7669644941979828,52
graph_gru,see_v2x,10,speed_mean_kmh,4.423362637271177,7.912277349152163,0.5519335082795419,0.4625170275885504,52
graph_gru,see_v2x,10,vehicle_count,1.336770678654031,2.2731235083438777,0.2945371524614321,0.8618443063019731,52
graph_gru,see_v2x,10,flow_proxy,16698.749199367674,27726.368447613993,0.5100774419084312,0.6605691749926121,52
graph_gru,see_v2x,30,speed_mean_kmh,4.432948893649604,7.81161983128522,0.5635451711998208,0.4690119076334728,52
graph_gru,see_v2x,30,vehicle_count,1.5886129244424776,2.7501085602935995,0.356252098615581,0.7875278195403697,52
graph_gru,see_v2x,30,flow_proxy,15452.845343080295,25713.00084563953,0.48551921506341067,0.7012464180403004,52
ca_dtnet,clean,5,speed_mean_kmh,3.6409579370990524,7.779667012300882,0.461189063052498,0.47688852881776733,52
ca_dtnet,clean,5,vehicle_count,0.996264323316898,1.8353601263914827,0.22100039343389638,0.9114377897368763,52
ca_dtnet,clean,5,flow_proxy,12811.548881676777,23141.87039426575,0.3993838197992471,0.7556599332798318,52
ca_dtnet,clean,10,speed_mean_kmh,4.1244531214673685,8.166893928966525,0.5146365034340356,0.4273681025589695,52
ca_dtnet,clean,10,vehicle_count,1.3140462515716755,2.4046097312048307,0.28953016947546945,0.8453991342243479,52
ca_dtnet,clean,10,flow_proxy,15556.973013788911,28378.762337453372,0.47520092097750805,0.6444078202419867,52
ca_dtnet,clean,30,speed_mean_kmh,4.155514758522237,8.176673236602836,0.5282759472750876,0.4182239103441028,52
ca_dtnet,clean,30,vehicle_count,1.6180298973098823,3.1490547046053385,0.3628489594101062,0.721411740994739,52
ca_dtnet,clean,30,flow_proxy,13583.178019770494,24371.393283765796,0.42677537914910296,0.7316087773055019,52
ca_dtnet,cicv5g,5,speed_mean_kmh,3.6639070584052114,7.733367222412629,0.46409595841792434,0.4830964757759755,52
ca_dtnet,cicv5g,5,vehicle_count,0.9737645905694069,1.7982021186653074,0.21600929852767903,0.9149874834969575,52
ca_dtnet,cicv5g,5,flow_proxy,12847.121690321017,23066.076206099326,0.40049275708142407,0.7572578360489997,52
ca_dtnet,cicv5g,10,speed_mean_kmh,4.136675516121457,8.090202706726547,0.5161615760347232,0.43807220735752617,52
ca_dtnet,cicv5g,10,vehicle_count,1.2827344553661617,2.3433217196790928,0.2826310898950356,0.8531795479647466,52
ca_dtnet,cicv5g,10,flow_proxy,15592.596568271858,28063.86444673979,0.47628907263038966,0.6522555179943208,52
ca_dtnet,cicv5g,30,speed_mean_kmh,4.160257642700437,8.07397214359781,0.5288788934268047,0.4327466403130309,52
ca_dtnet,cicv5g,30,vehicle_count,1.5850736839858133,3.020207285190581,0.35545841135495754,0.743742903790489,52
ca_dtnet,cicv5g,30,flow_proxy,13408.916652720322,23702.891497461354,0.42130019058236023,0.7461306624220856,52
ca_dtnet,see_v2x,5,speed_mean_kmh,3.663907421297503,7.740775029809469,0.4640960043843867,0.48210571570947924,52
ca_dtnet,see_v2x,5,vehicle_count,0.977502629938525,1.801542979950219,0.21683850434375812,0.9146713022885503,52
ca_dtnet,see_v2x,5,flow_proxy,12810.262951767321,23073.74526499186,0.3993437325620226,0.7570963943361172,52
ca_dtnet,see_v2x,10,speed_mean_kmh,4.132649580076575,8.096594602412413,0.5156592321873892,0.43718392238877823,52
ca_dtnet,see_v2x,10,vehicle_count,1.2877888608806602,2.351067583271259,0.28374475152107065,0.8522073120317447,52
ca_dtnet,see_v2x,10,flow_proxy,15544.794004860429,28098.61921648454,0.4748289028314151,0.6513936792377208,52
ca_dtnet,see_v2x,30,speed_mean_kmh,4.17957597846548,8.089344752789748,0.5313347653750699,0.4305845160138304,52
ca_dtnet,see_v2x,30,vehicle_count,1.5820086794371577,3.026145260154251,0.35477107318344664,0.7427342683424796,52
ca_dtnet,see_v2x,30,flow_proxy,13428.17500029324,23671.892390271332,0.4219052764153851,0.7467942588208311,52
dcrnn,clean,5,speed_mean_kmh,3.959231705959151,7.385156013099257,0.5015038328989542,0.5285978324328864,62
dcrnn,clean,5,vehicle_count,1.141850463809391,1.9212172786139694,0.2532956323321874,0.9029582030668526,62
dcrnn,clean,5,flow_proxy,14447.551191517401,23307.043220571013,0.45038412099148073,0.7521595795442927,62
dcrnn,clean,10,speed_mean_kmh,4.243965026851804,7.645998695252922,0.5295488293338394,0.4980850346392217,62
dcrnn,clean,10,vehicle_count,1.447455242969109,2.4040338603265368,0.31892481813616275,0.84547317490917,62
dcrnn,clean,10,flow_proxy,17146.55917480105,27609.818232889,0.5237561770042779,0.6634168315191109,62
dcrnn,clean,30,speed_mean_kmh,4.389972057845937,7.7011058100062755,0.5580816775138685,0.48392982086795955,62
dcrnn,clean,30,vehicle_count,1.6454166297201336,2.8322028747589725,0.3689905315610437,0.7746533441465627,62
dcrnn,clean,30,flow_proxy,15591.19262831932,25393.392240136654,0.4898660045280114,0.7086271815152241,62
dcrnn,cicv5g,5,speed_mean_kmh,3.959231705959151,7.385156013099257,0.5015038328989542,0.5285978324328864,62
dcrnn,cicv5g,5,vehicle_count,1.141850463809391,1.9212172786139694,0.2532956323321874,0.9029582030668526,62
dcrnn,cicv5g,5,flow_proxy,14447.551191517401,23307.043220571013,0.45038412099148073,0.7521595795442927,62
dcrnn,cicv5g,10,speed_mean_kmh,4.243965026851804,7.645998695252922,0.5295488293338394,0.4980850346392217,62
dcrnn,cicv5g,10,vehicle_count,1.447455242969109,2.4040338603265368,0.31892481813616275,0.84547317490917,62
dcrnn,cicv5g,10,flow_proxy,17146.55917480105,27609.818232889,0.5237561770042779,0.6634168315191109,62
dcrnn,cicv5g,30,speed_mean_kmh,4.389972057845937,7.7011058100062755,0.5580816775138685,0.48392982086795955,62
dcrnn,cicv5g,30,vehicle_count,1.6454166297201336,2.8322028747589725,0.3689905315610437,0.7746533441465627,62
dcrnn,cicv5g,30,flow_proxy,15591.19262831932,25393.392240136654,0.4898660045280114,0.7086271815152241,62
dcrnn,see_v2x,5,speed_mean_kmh,3.9607999842096917,7.385323126202838,0.5017024819329358,0.528576498186077,62
dcrnn,see_v2x,5,vehicle_count,1.1412524980192507,1.9223486944815984,0.2531629861339967,0.9028438724708923,62
dcrnn,see_v2x,5,flow_proxy,14416.96539106069,23276.113416824162,0.4494306473771007,0.7528169404207492,62
dcrnn,see_v2x,10,speed_mean_kmh,4.243743906422093,7.648821542264914,0.5295212386105527,0.4977143595297364,62
dcrnn,see_v2x,10,vehicle_count,1.4483878773407592,2.4045633308431036,0.3191303099804259,0.8454051006535696,62
dcrnn,see_v2x,10,flow_proxy,17109.912003692116,27560.229506579464,0.522636758114321,0.6646247889025483,62
dcrnn,see_v2x,30,speed_mean_kmh,4.3841856231248535,7.690063441332212,0.5573460684590921,0.4854087128020784,62
dcrnn,see_v2x,30,vehicle_count,1.6476412288370603,2.83863973875438,0.36948940582537193,0.7736278709198429,62
dcrnn,see_v2x,30,flow_proxy,15613.523230348295,25409.68176747222,0.490567618769809,0.7082532379475939,62
graph_wavenet,clean,5,speed_mean_kmh,3.873694705910626,7.813105269001028,0.49066912137791646,0.47238203073730456,62
graph_wavenet,clean,5,vehicle_count,0.9981478584872083,1.7047298157641546,0.22141821629871533,0.9235958451334424,62
graph_wavenet,clean,5,flow_proxy,12907.414274672428,22138.544555348482,0.402372302081504,0.7763875881675986,62
graph_wavenet,clean,10,speed_mean_kmh,4.40500295244357,8.352456329168163,0.5496426435938333,0.4010506015153993,62
graph_wavenet,clean,10,vehicle_count,1.2908720719775868,2.1836471169273777,0.2844240903421769,0.8725066202179533,62
graph_wavenet,clean,10,flow_proxy,15861.003174600588,27521.47689041784,0.4844877798217443,0.6655672723077921,62
graph_wavenet,clean,30,speed_mean_kmh,4.479221748055835,8.050074142405599,0.5694276761155936,0.43609967617206813,62
graph_wavenet,clean,30,vehicle_count,1.535807362770994,2.664359975230367,0.3444102635942258,0.800571050837966,62
graph_wavenet,clean,30,flow_proxy,15385.731199557287,26551.273300748013,0.483410528568497,0.6814494942188378,62
graph_wavenet,cicv5g,5,speed_mean_kmh,3.873694705910626,7.813105269001028,0.49066912137791646,0.47238203073730456,62
graph_wavenet,cicv5g,5,vehicle_count,0.9981478584872083,1.7047298157641546,0.22141821629871533,0.9235958451334424,62
graph_wavenet,cicv5g,5,flow_proxy,12907.414274672428,22138.544555348482,0.402372302081504,0.7763875881675986,62
graph_wavenet,cicv5g,10,speed_mean_kmh,4.40500295244357,8.352456329168163,0.5496426435938333,0.4010506015153993,62
graph_wavenet,cicv5g,10,vehicle_count,1.2908720719775868,2.1836471169273777,0.2844240903421769,0.8725066202179533,62
graph_wavenet,cicv5g,10,flow_proxy,15861.003174600588,27521.47689041784,0.4844877798217443,0.6655672723077921,62
graph_wavenet,cicv5g,30,speed_mean_kmh,4.479221748055835,8.050074142405599,0.5694276761155936,0.43609967617206813,62
graph_wavenet,cicv5g,30,vehicle_count,1.535807362770994,2.664359975230367,0.3444102635942258,0.800571050837966,62
graph_wavenet,cicv5g,30,flow_proxy,15385.731199557287,26551.273300748013,0.483410528568497,0.6814494942188378,62
graph_wavenet,see_v2x,5,speed_mean_kmh,3.8773501938636303,7.815119397305165,0.49113215091387125,0.4721099680365699,62
graph_wavenet,see_v2x,5,vehicle_count,1.0018037271483136,1.7163015225208622,0.22222919426263255,0.9225550617877628,62
graph_wavenet,see_v2x,5,flow_proxy,12921.891561486107,22154.30498631493,0.4028236131728776,0.7760690954663148,62
graph_wavenet,see_v2x,10,speed_mean_kmh,4.406755032581415,8.354444210858569,0.5498612627341949,0.4007654680931303,62
graph_wavenet,see_v2x,10,vehicle_count,1.2944300177604602,2.193935827278885,0.2852080297539501,0.8713023663614928,62
graph_wavenet,see_v2x,10,flow_proxy,15854.80037425306,27497.633997933386,0.48429831002995555,0.6661464846502698,62
graph_wavenet,see_v2x,30,speed_mean_kmh,4.4842827679035,8.05892779112122,0.5700710657338643,0.43485861409945303,62
graph_wavenet,see_v2x,30,vehicle_count,1.5408098793374332,2.6690043560686387,0.3455320957269831,0.7998751754512458,62
graph_wavenet,see_v2x,30,flow_proxy,15394.138637890812,26572.956449335565,0.4836746852833129,0.6809289920002568,62
graph_gru,clean,5,speed_mean_kmh,3.9946406911002024,7.629242380213579,0.5059889813030174,0.49692231738001513,62
graph_gru,clean,5,vehicle_count,1.0322555547459364,1.7101993076996225,0.22898429501486045,0.9231047851523024,62
graph_gru,clean,5,flow_proxy,13985.228628629362,23364.713797223434,0.43597180029154703,0.7509315573417752,62
graph_gru,clean,10,speed_mean_kmh,4.501603516660878,8.1245010970128,0.5616961632082988,0.43329752523357246,62
graph_gru,clean,10,vehicle_count,1.3493227122425981,2.327918418106119,0.29730280276317217,0.8551033870037572,62
graph_gru,clean,10,flow_proxy,17799.26452049999,29912.034423571626,0.5436936147775622,0.6049453270256129,62
graph_gru,clean,30,speed_mean_kmh,4.266455694658911,7.816404584789713,0.5423794775318369,0.46836122946785685,62
graph_gru,clean,30,vehicle_count,1.5786336854176017,2.7264850980956994,0.3540142187705293,0.7911624182265986,62
graph_gru,clean,30,flow_proxy,16161.76462018632,26893.450194503595,0.5077930373480534,0.6731860118109914,62
graph_gru,cicv5g,5,speed_mean_kmh,3.9946406911002024,7.629242380213579,0.5059889813030174,0.49692231738001513,62
graph_gru,cicv5g,5,vehicle_count,1.0322555547459364,1.7101993076996225,0.22898429501486045,0.9231047851523024,62
graph_gru,cicv5g,5,flow_proxy,13985.228628629362,23364.713797223434,0.43597180029154703,0.7509315573417752,62
graph_gru,cicv5g,10,speed_mean_kmh,4.501603516660878,8.1245010970128,0.5616961632082988,0.43329752523357246,62
graph_gru,cicv5g,10,vehicle_count,1.3493227122425981,2.327918418106119,0.29730280276317217,0.8551033870037572,62
graph_gru,cicv5g,10,flow_proxy,17799.26452049999,29912.034423571626,0.5436936147775622,0.6049453270256129,62
graph_gru,cicv5g,30,speed_mean_kmh,4.266455694658911,7.816404584789713,0.5423794775318369,0.46836122946785685,62
graph_gru,cicv5g,30,vehicle_count,1.5786336854176017,2.7264850980956994,0.3540142187705293,0.7911624182265986,62
graph_gru,cicv5g,30,flow_proxy,16161.76462018632,26893.450194503595,0.5077930373480534,0.6731860118109914,62
graph_gru,see_v2x,5,speed_mean_kmh,3.9969693181545654,7.630515015370466,0.5062839414063621,0.49675446644215393,62
graph_gru,see_v2x,5,vehicle_count,1.0374173899913617,1.7314600601251955,0.23012934015336542,0.9211810185670981,62
graph_gru,see_v2x,5,flow_proxy,14014.244536414179,23416.62055732758,0.43687633448901764,0.749823673313687,62
graph_gru,see_v2x,10,speed_mean_kmh,4.5049634027138135,8.127628509493723,0.5621153993977513,0.43286115296043026,62
graph_gru,see_v2x,10,vehicle_count,1.3543525819443776,2.3438623489955654,0.2984110582948583,0.8531117940610962,62
graph_gru,see_v2x,10,flow_proxy,17831.16812292669,29968.21920697731,0.5446681373432458,0.6034598441777939,62
graph_gru,see_v2x,30,speed_mean_kmh,4.271147898812612,7.822048446272614,0.542975980910635,0.46759320913158176,62
graph_gru,see_v2x,30,vehicle_count,1.5818066049067059,2.7280035453121996,0.3547257572512629,0.7909297397880781,62
graph_gru,see_v2x,30,flow_proxy,16196.486917267965,26960.780665199167,0.5088839912824255,0.6715475396335776,62
ca_dtnet,clean,5,speed_mean_kmh,3.7354341815901715,7.675950737717685,0.47315608146641946,0.4907434960666984,62
ca_dtnet,clean,5,vehicle_count,0.9591798609787459,1.7688759222054808,0.21277398145145185,0.9177377464117614,62
ca_dtnet,clean,5,flow_proxy,13380.92371612874,23538.028380252195,0.4171333595606898,0.747222776974276,62
ca_dtnet,clean,10,speed_mean_kmh,4.239156957568999,8.074754202293416,0.52894889332024,0.4402161970789419,62
ca_dtnet,clean,10,vehicle_count,1.2666339508069797,2.3168311986427246,0.2790835878127573,0.8564803037209516,62
ca_dtnet,clean,10,flow_proxy,16445.046205805025,28919.27613786584,0.502327869026299,0.6307333081074356,62
ca_dtnet,clean,30,speed_mean_kmh,4.222366362674792,8.203727925833595,0.5367745561268845,0.41436762051752574,62
ca_dtnet,clean,30,vehicle_count,1.672571370989166,3.1331411000595857,0.375080078873427,0.7242202927350304,62
ca_dtnet,clean,30,flow_proxy,14199.454079698713,25432.16839764883,0.4461384066198145,0.7077366392384775,62
ca_dtnet,cicv5g,5,speed_mean_kmh,3.7121293169875176,7.740855744227649,0.4702041251800948,0.48209491530419424,62
ca_dtnet,cicv5g,5,vehicle_count,0.9604507268293389,1.7610230892551204,0.21305589644771275,0.9184665231496295,62
ca_dtnet,cicv5g,5,flow_proxy,13258.665386806744,23302.842148759803,0.4133221108960785,0.7522489174802097,62
ca_dtnet,cicv5g,10,speed_mean_kmh,4.186442556160214,8.135697037567551,0.522371353359746,0.4317345642994471,62
ca_dtnet,cicv5g,10,vehicle_count,1.2678439208662249,2.302765184504395,0.2793501863711372,0.8582176956643641,62
ca_dtnet,cicv5g,10,flow_proxy,16250.030235203021,28584.089661799608,0.49637094098166873,0.6392436116901689,62
ca_dtnet,cicv5g,30,speed_mean_kmh,4.197607614146569,8.278871906640063,0.5336270636759749,0.40359000970981784,62
ca_dtnet,cicv5g,30,vehicle_count,1.681855697632557,3.148792778129483,0.37716212214529654,0.7214580829056112,62
ca_dtnet,cicv5g,30,flow_proxy,14085.230130620093,25210.241650248234,0.4425495580377682,0.7128150942122721,62
ca_dtnet,see_v2x,5,speed_mean_kmh,3.7140773278565473,7.737906131343,0.47045087378939615,0.4824895301931854,62
ca_dtnet,see_v2x,5,vehicle_count,0.9609260536576482,1.7642407364547479,0.21316133775842466,0.9181683037369233,62
ca_dtnet,see_v2x,5,flow_proxy,13261.747278453326,23322.466990847264,0.4134181849671676,0.7518314470981953,62
ca_dtnet,see_v2x,10,speed_mean_kmh,4.19342940126027,8.132213549823803,0.5232431502808004,0.4322210922212901,62
ca_dtnet,see_v2x,10,vehicle_count,1.2672768369150227,2.3064210014861204,0.2792252380199646,0.857767157672997,62
ca_dtnet,see_v2x,10,flow_proxy,16258.76220582172,28626.590570289536,0.496637666422169,0.6381700163335536,62
ca_dtnet,see_v2x,30,speed_mean_kmh,4.216093886604764,8.271144261489647,0.5359771583482198,0.40470288929837794,62
ca_dtnet,see_v2x,30,vehicle_count,1.682352752433045,3.140757754353311,0.3772735884522089,0.7228778240744503,62
ca_dtnet,see_v2x,30,flow_proxy,14089.672088114481,25140.69352968965,0.44268912170181446,0.7143974368558722,62
