model,domain,horizon_s,target,seed_count,MAE_mean,MAE_std,RMSE_mean,RMSE_std,WAPE_mean,WAPE_std,R2_mean,R2_std,MAE_mean_std,RMSE_mean_std,WAPE_mean_std,R2_mean_std
ca_dtnet,cicv5g,5,flow_proxy,3,13050.726561742078,205.80607594267684,22911.738125855627,486.97519835794327,0.4068398812292449,0.006415743912544209,0.7604232755120343,0.010134869102534198,13050.726562 ± 205.806076,22911.738126 ± 486.975198,0.406840 ± 0.006416,0.760423 ± 0.010135
ca_dtnet,cicv5g,5,speed_mean_kmh,3,3.7216042559323186,0.06297156893666549,7.761193103355467,0.041878308947725776,0.47140428686554237,0.007976417025016728,0.4793598764143006,0.005626931409661125,3.721604 ± 0.062972,7.761193 ± 0.041878,0.471404 ± 0.007976,0.479360 ± 0.005627
ca_dtnet,cicv5g,5,vehicle_count,3,0.9516650996152735,0.027563247905861538,1.737482066166254,0.07530283328929752,0.21110698888831356,0.006114329790743524,0.9205324126484903,0.006816843083356231,0.951665 ± 0.027563,1.737482 ± 0.075303,0.211107 ± 0.006114,0.920532 ± 0.006817
ca_dtnet,cicv5g,10,flow_proxy,3,15985.777072371338,347.16199546958694,28236.40969455062,301.1024677091141,0.4882991042408365,0.010604357276271875,0.6479396059840443,0.007531020317681449,15985.777072 ± 347.161995,28236.409695 ± 301.102468,0.488299 ± 0.010604,0.647940 ± 0.007531
ca_dtnet,cicv5g,10,speed_mean_kmh,3,4.169149710859391,0.02814328688343905,8.10067077662916,0.031141003434057943,0.5202136056104214,0.003511632289247926,0.43661153751854914,0.004335294277404288,4.169150 ± 0.028143,8.100671 ± 0.031141,0.520214 ± 0.003512,0.436612 ± 0.004335
ca_dtnet,cicv5g,10,vehicle_count,3,1.2524562486744202,0.04024253191684753,2.258305956328455,0.11394752392855904,0.2759597460938657,0.008866831796880095,0.8634081539439294,0.013588833284073603,1.252456 ± 0.040243,2.258306 ± 0.113948,0.275960 ± 0.008867,0.863408 ± 0.013589
ca_dtnet,cicv5g,30,flow_proxy,3,13731.884412268793,339.1785597336467,24292.30823626682,805.5858273195669,0.4314476456060384,0.010656788729330046,0.7331523105169445,0.017835258204570513,13731.884412 ± 339.178560,24292.308236 ± 805.585827,0.431448 ± 0.010657,0.733152 ± 0.017835
ca_dtnet,cicv5g,30,speed_mean_kmh,3,4.192641450659745,0.030208451020722563,8.170616796496697,0.1029421209309495,0.5329957328125856,0.003840293924105858,0.4190239563055645,0.014653449824788379,4.192641 ± 0.030208,8.170617 ± 0.102942,0.532996 ± 0.003840,0.419024 ± 0.014653
ca_dtnet,cicv5g,30,vehicle_count,3,1.6054841329221923,0.06848667315895597,2.9936840002581904,0.16993002067711832,0.36003552712393755,0.015358380046316253,0.7476831921898252,0.028400998636013138,1.605484 ± 0.068487,2.993684 ± 0.169930,0.360036 ± 0.015358,0.747683 ± 0.028401
ca_dtnet,clean,5,flow_proxy,3,13106.947941321085,285.29133070721593,23071.994993272354,504.61268239652105,0.4085925115737898,0.00889359611907796,0.7570557938608773,0.010600102288122745,13106.947941 ± 285.291331,23071.994993 ± 504.612682,0.408593 ± 0.008894,0.757056 ± 0.010600
ca_dtnet,clean,5,speed_mean_kmh,3,3.723189266227282,0.0768440874569183,7.774361149214215,0.09586766453975785,0.4716050552966782,0.0097336067341709,0.4775488698180002,0.01287716037737583,3.723189 ± 0.076844,7.774361 ± 0.095868,0.471605 ± 0.009734,0.477549 ± 0.012877
ca_dtnet,clean,5,vehicle_count,3,0.9561340168212067,0.04173666644151514,1.7426856149728949,0.10817426304945991,0.2120983246589719,0.009258406116044563,0.9199505946930492,0.009808266490774237,0.956134 ± 0.041737,1.742686 ± 0.108174,0.212098 ± 0.009258,0.919951 ± 0.009808
ca_dtnet,clean,10,flow_proxy,3,16091.544540466348,470.9121145270646,28562.11756813183,309.3452644040739,0.49152986116274294,0.01438440950719542,0.6397698445565305,0.007826785618826137,16091.544540 ± 470.912115,28562.117568 ± 309.345264,0.491530 ± 0.014384,0.639770 ± 0.007827
ca_dtnet,clean,10,speed_mean_kmh,3,4.196014194224473,0.06240947633580322,8.147745091459003,0.06554889169857171,0.523565672752028,0.007787261422716899,0.43002565104512697,0.009155758965716373,4.196014 ± 0.062409,8.147745 ± 0.065549,0.523566 ± 0.007787,0.430026 ± 0.009156
ca_dtnet,clean,10,vehicle_count,3,1.2576515392403513,0.06138084239261183,2.2717511370806704,0.16022762428885964,0.27710444960504677,0.013524338035456622,0.8615534543364545,0.019200318082567076,1.257652 ± 0.061381,2.271751 ± 0.160228,0.277104 ± 0.013524,0.861553 ± 0.019200
ca_dtnet,clean,30,flow_proxy,3,13893.677688933201,308.1651789694542,24704.499384633615,630.9285849365737,0.4365310941842524,0.009682366740965554,0.7241020265935346,0.014188950854573038,13893.677689 ± 308.165179,24704.499385 ± 630.928585,0.436531 ± 0.009682,0.724102 ± 0.014189
ca_dtnet,clean,30,speed_mean_kmh,3,4.208021227634714,0.047005316806521674,8.226577772546074,0.06444291426568183,0.5349509096612947,0.005975620279534542,0.4110766616543433,0.00924309880372163,4.208021 ± 0.047005,8.226578 ± 0.064443,0.534951 ± 0.005976,0.411077 ± 0.009243
ca_dtnet,clean,30,vehicle_count,3,1.6093209455408697,0.06802431230747019,3.0194447101127744,0.21085968849955752,0.36089594600028424,0.015254693980865614,0.743039574069206,0.03505636587994866,1.609321 ± 0.068024,3.019445 ± 0.210860,0.360896 ± 0.015255,0.743040 ± 0.035056
ca_dtnet,see_v2x,5,flow_proxy,3,13035.138608826883,225.74715238557562,22918.92839243976,499.285738020834,0.4063539465280141,0.007037381729659704,0.7602692341002285,0.01039398421114638,13035.138609 ± 225.747152,22918.928392 ± 499.285738,0.406354 ± 0.007037,0.760269 ± 0.010394
ca_dtnet,see_v2x,5,speed_mean_kmh,3,3.7223187575356924,0.06293805116429209,7.760465197483909,0.03661701739752643,0.4714947906095301,0.007972171430779237,0.4794599090814941,0.004918809653838215,3.722319 ± 0.062938,7.760465 ± 0.036617,0.471495 ± 0.007972,0.479460 ± 0.004919
ca_dtnet,see_v2x,5,vehicle_count,3,0.9529774935986786,0.029318960395122926,1.7380494895734653,0.07987727095507914,0.2113981160318684,0.006503797868443741,0.9204681224222316,0.007226612270376867,0.952977 ± 0.029319,1.738049 ± 0.079877,0.211398 ± 0.006504,0.920468 ± 0.007227
ca_dtnet,see_v2x,10,flow_proxy,3,15976.204139488547,379.5462444455731,28274.20631685658,305.17431511761293,0.48800669089549453,0.01159356159801964,0.6469957997562951,0.007643367395062269,15976.204139 ± 379.546244,28274.206317 ± 305.174315,0.488007 ± 0.011594,0.646996 ± 0.007643
ca_dtnet,see_v2x,10,speed_mean_kmh,3,4.167791208033184,0.03148464895030932,8.099454806856793,0.031426410994826924,0.5200440958296592,0.003928557113014428,0.43678055838561325,0.004371762767845485,4.167791 ± 0.031485,8.099455 ± 0.031426,0.520044 ± 0.003929,0.436781 ± 0.004372
ca_dtnet,see_v2x,10,vehicle_count,3,1.255388142726708,0.03970327210708485,2.2612104659678356,0.1190830905097288,0.2766057444982809,0.008748014073436094,0.863035837727591,0.014215062279766488,1.255388 ± 0.039703,2.261210 ± 0.119083,0.276606 ± 0.008748,0.863036 ± 0.014215
ca_dtnet,see_v2x,30,flow_proxy,3,13741.334027267485,332.1487206315278,24252.02866410614,781.4963952149545,0.4317445468921741,0.01043591536348024,0.7340473773587192,0.0172663744441969,13741.334027 ± 332.148721,24252.028664 ± 781.496395,0.431745 ± 0.010436,0.734047 ± 0.017266
ca_dtnet,see_v2x,30,speed_mean_kmh,3,4.203919611873985,0.021082205095474774,8.17449026104166,0.09144451533772631,0.5344294857036697,0.002680106440392024,0.41848599990730034,0.013022789422302108,4.203920 ± 0.021082,8.174490 ± 0.091445,0.534429 ± 0.002680,0.418486 ± 0.013023
ca_dtnet,see_v2x,30,vehicle_count,3,1.6000305833637551,0.07495416145496135,2.9821849479887335,0.18452304472010186,0.35881254923851014,0.016808737299976517,0.7495167973303309,0.030599300709545252,1.600031 ± 0.074954,2.982185 ± 0.184523,0.358813 ± 0.016809,0.749517 ± 0.030599
dcrnn,cicv5g,5,flow_proxy,3,13992.470019165406,481.6137410660733,22814.271098882473,607.9637216934858,0.43619754147550954,0.015013698761269472,0.7624163626412813,0.012586300336120996,13992.470019 ± 481.613741,22814.271099 ± 607.963722,0.436198 ± 0.015014,0.762416 ± 0.012586
dcrnn,cicv5g,5,speed_mean_kmh,3,3.9160068781697084,0.03821963069461845,7.425587514359775,0.03502230093177615,0.49602867548895074,0.004841164323998662,0.5234150665270981,0.004489388323568149,3.916007 ± 0.038220,7.425588 ± 0.035022,0.496029 ± 0.004841,0.523415 ± 0.004489
dcrnn,cicv5g,5,vehicle_count,3,1.1182053462188566,0.023266051042784994,1.8907401473231629,0.047072036275180536,0.24805045776556123,0.005161086584923345,0.9059737811414262,0.004646982697820129,1.118205 ± 0.023266,1.890740 ± 0.047072,0.248050 ± 0.005161,0.905974 ± 0.004647
dcrnn,cicv5g,10,flow_proxy,3,16713.272014170187,783.0327784470733,27241.97558489624,904.0662060023795,0.5105210535906796,0.02391839962335972,0.6720850228103602,0.021565175467575845,16713.272014 ± 783.032778,27241.975585 ± 904.066206,0.510521 ± 0.023918,0.672085 ± 0.021565
dcrnn,cicv5g,10,speed_mean_kmh,3,4.302466936213111,0.06051017691565315,7.7254786900718235,0.07524975142509371,0.5368485166357058,0.007550272715663144,0.487563598896422,0.009973238181631447,4.302467 ± 0.060510,7.725479 ± 0.075250,0.536849 ± 0.007550,0.487564 ± 0.009973
dcrnn,cicv5g,10,vehicle_count,3,1.4257017809302377,0.04945957668014732,2.388560767503711,0.08623879345649209,0.31413177257687636,0.010897667872238465,0.8473233693130946,0.010963866493414333,1.425702 ± 0.049460,2.388561 ± 0.086239,0.314132 ± 0.010898,0.847323 ± 0.010964
dcrnn,cicv5g,30,flow_proxy,3,15734.517185265664,260.870677178777,25648.496858925122,237.17248014436092,0.4943691769110224,0.008196401607916029,0.7027265074800635,0.005491061974717906,15734.517185 ± 260.870677,25648.496859 ± 237.172480,0.494369 ± 0.008196,0.702727 ± 0.005491
dcrnn,cicv5g,30,speed_mean_kmh,3,4.3632473848301245,0.026277116844127337,7.7160080514091645,0.04979423677603864,0.554684264010742,0.0033405172642019592,0.4819162325357796,0.006695408243546288,4.363247 ± 0.026277,7.716008 ± 0.049794,0.554684 ± 0.003341,0.481916 ± 0.006695
dcrnn,cicv5g,30,vehicle_count,3,1.6176756248937252,0.043178449172415506,2.7360220516820153,0.0948436074876849,0.36276951256072215,0.009682920802144198,0.7895304081253256,0.014591726268114,1.617676 ± 0.043178,2.736022 ± 0.094844,0.362770 ± 0.009683,0.789530 ± 0.014592
dcrnn,clean,5,flow_proxy,3,13992.470019165406,481.6137410660733,22814.271098882473,607.9637216934858,0.43619754147550954,0.015013698761269472,0.7624163626412813,0.012586300336120996,13992.470019 ± 481.613741,22814.271099 ± 607.963722,0.436198 ± 0.015014,0.762416 ± 0.012586
dcrnn,clean,5,speed_mean_kmh,3,3.9160068781697084,0.03821963069461845,7.425587514359775,0.03502230093177615,0.49602867548895074,0.004841164323998662,0.5234150665270981,0.004489388323568149,3.916007 ± 0.038220,7.425588 ± 0.035022,0.496029 ± 0.004841,0.523415 ± 0.004489
dcrnn,clean,5,vehicle_count,3,1.1182053462188566,0.023266051042784994,1.8907401473231629,0.047072036275180536,0.24805045776556123,0.005161086584923345,0.9059737811414262,0.004646982697820129,1.118205 ± 0.023266,1.890740 ± 0.047072,0.248050 ± 0.005161,0.905974 ± 0.004647
dcrnn,clean,10,flow_proxy,3,16713.272014170187,783.0327784470733,27241.97558489624,904.0662060023795,0.5105210535906796,0.02391839962335972,0.6720850228103602,0.021565175467575845,16713.272014 ± 783.032778,27241.975585 ± 904.066206,0.510521 ± 0.023918,0.672085 ± 0.021565
dcrnn,clean,10,speed_mean_kmh,3,4.302466936213111,0.06051017691565315,7.7254786900718235,0.07524975142509371,0.5368485166357058,0.007550272715663144,0.487563598896422,0.009973238181631447,4.302467 ± 0.060510,7.725479 ± 0.075250,0.536849 ± 0.007550,0.487564 ± 0.009973
dcrnn,clean,10,vehicle_count,3,1.4257017809302377,0.04945957668014732,2.388560767503711,0.08623879345649209,0.31413177257687636,0.010897667872238465,0.8473233693130946,0.010963866493414333,1.425702 ± 0.049460,2.388561 ± 0.086239,0.314132 ± 0.010898,0.847323 ± 0.010964
dcrnn,clean,30,flow_proxy,3,15734.517185265664,260.870677178777,25648.496858925122,237.17248014436092,0.4943691769110224,0.008196401607916029,0.7027265074800635,0.005491061974717906,15734.517185 ± 260.870677,25648.496859 ± 237.172480,0.494369 ± 0.008196,0.702727 ± 0.005491
dcrnn,clean,30,speed_mean_kmh,3,4.3632473848301245,0.026277116844127337,7.7160080514091645,0.04979423677603864,0.554684264010742,0.0033405172642019592,0.4819162325357796,0.006695408243546288,4.363247 ± 0.026277,7.716008 ± 0.049794,0.554684 ± 0.003341,0.481916 ± 0.006695
dcrnn,clean,30,vehicle_count,3,1.6176756248937252,0.043178449172415506,2.7360220516820153,0.0948436074876849,0.36276951256072215,0.009682920802144198,0.7895304081253256,0.014591726268114,1.617676 ± 0.043178,2.736022 ± 0.094844,0.362770 ± 0.009683,0.789530 ± 0.014592
dcrnn,see_v2x,5,flow_proxy,3,13984.24917582959,467.32089544784077,22810.499795142565,591.3871319742813,0.43594126709028475,0.014568137390702122,0.7625009134264836,0.012237835828829785,13984.249176 ± 467.320895,22810.499795 ± 591.387132,0.435941 ± 0.014568,0.762501 ± 0.012238
dcrnn,see_v2x,5,speed_mean_kmh,3,3.918518474574004,0.03774569160322445,7.425803221345956,0.035058566123958745,0.4963468117631056,0.004781131901410933,0.5233873631192347,0.004494152244652672,3.918518 ± 0.037746,7.425803 ± 0.035059,0.496347 ± 0.004781,0.523387 ± 0.004494
dcrnn,see_v2x,5,vehicle_count,3,1.118776817700308,0.022199660726338232,1.8952781784155859,0.04505908194273939,0.248177226755759,0.004924530207290392,0.905525325487584,0.004459722673201242,1.118777 ± 0.022200,1.895278 ± 0.045059,0.248177 ± 0.004925,0.905525 ± 0.004460
dcrnn,see_v2x,10,flow_proxy,3,16707.325318866584,771.4339284939947,27242.779190711026,883.7877282012188,0.5103394067444363,0.02356410292469625,0.6720763624093996,0.021100015531397828,16707.325319 ± 771.433928,27242.779191 ± 883.787728,0.510339 ± 0.023564,0.672076 ± 0.021100
dcrnn,see_v2x,10,speed_mean_kmh,3,4.30503997915811,0.06324091713251553,7.729738139358936,0.07566355296565543,0.5371695729758803,0.007891006033658157,0.4869980569447605,0.010031237545660173,4.305040 ± 0.063241,7.729738 ± 0.075664,0.537170 ± 0.007891,0.486998 ± 0.010031
dcrnn,see_v2x,10,vehicle_count,3,1.427874546265011,0.04921649968331606,2.3921884758357677,0.08514212057360838,0.31461050847742394,0.010844109541240638,0.8468630046177651,0.010850756213145437,1.427875 ± 0.049216,2.392188 ± 0.085142,0.314611 ± 0.010844,0.846863 ± 0.010851
dcrnn,see_v2x,30,flow_proxy,3,15741.160130251015,260.60698180357116,25657.451284207305,223.73711449888526,0.4945778942937043,0.008188116455975168,0.7025207797671192,0.005179374691783125,15741.160130 ± 260.606982,25657.451284 ± 223.737114,0.494578 ± 0.008188,0.702521 ± 0.005179
dcrnn,see_v2x,30,speed_mean_kmh,3,4.358801566831876,0.02416086304474693,7.7087396908003845,0.0494659042795803,0.554119082835625,0.0030714853763354213,0.48289198863741545,0.006646580174474124,4.358802 ± 0.024161,7.708740 ± 0.049466,0.554119 ± 0.003071,0.482892 ± 0.006647
dcrnn,see_v2x,30,vehicle_count,3,1.6174380412577631,0.04486204405955139,2.736263287573738,0.10040813989673489,0.3627162335853306,0.010060472943721503,0.7894729732538698,0.015454873517202442,1.617438 ± 0.044862,2.736263 ± 0.100408,0.362716 ± 0.010060,0.789473 ± 0.015455
graph_gru,cicv5g,5,flow_proxy,3,13917.956859439582,188.9659744453676,23101.26788471157,465.19627424016403,0.4338746880382352,0.005890775064209121,0.7564507492970826,0.009749205621473122,13917.956859 ± 188.965974,23101.267885 ± 465.196274,0.433875 ± 0.005891,0.756451 ± 0.009749
graph_gru,cicv5g,5,speed_mean_kmh,3,3.96903142541016,0.03256294206873038,7.4912379558250635,0.11997441374830532,0.5027451335428691,0.0041246487881362055,0.5148749880136824,0.015605564734422574,3.969031 ± 0.032563,7.491238 ± 0.119974,0.502745 ± 0.004125,0.514875 ± 0.015606
graph_gru,cicv5g,5,vehicle_count,3,1.0374569108098275,0.007705986611278883,1.7111613990407741,0.021769521954335215,0.2301381070199744,0.0017094118830021643,0.9230099379358903,0.001959572568889457,1.037457 ± 0.007706,1.711161 ± 0.021770,0.230138 ± 0.001709,0.923010 ± 0.001960
graph_gru,cicv5g,10,flow_proxy,3,17201.621771425594,560.692009882523,28715.90313522288,1109.1260352575796,0.5254381106686358,0.017126812474685463,0.6355466297382576,0.028270032390637974,17201.621771 ± 560.692010,28715.903135 ± 1109.126035,0.525438 ± 0.017127,0.635547 ± 0.028270
graph_gru,cicv5g,10,speed_mean_kmh,3,4.450312372844496,0.044486364114907403,7.952354458270343,0.15526606812980653,0.5552962129280047,0.005550870916540976,0.45692035952014204,0.021280476812637335,4.450312 ± 0.044486,7.952354 ± 0.155266,0.555296 ± 0.005551,0.456920 ± 0.021280
graph_gru,cicv5g,10,vehicle_count,3,1.3415635876095695,0.007399213534156979,2.2740066165834465,0.0505060775269868,0.29559319728521033,0.001630304523883667,0.8616914691556098,0.006157024126729966,1.341564 ± 0.007399,2.274007 ± 0.050506,0.295593 ± 0.001630,0.861691 ± 0.006157
graph_gru,cicv5g,30,flow_proxy,3,15878.601586395132,375.618239505016,26422.1123178741,626.8530474164183,0.49889622314659404,0.011801701806951694,0.6844228176850202,0.014881303468155123,15878.601586 ± 375.618240,26422.112318 ± 626.853047,0.498896 ± 0.011802,0.684423 ± 0.014881
graph_gru,cicv5g,30,speed_mean_kmh,3,4.395455497656904,0.11529507788588811,7.790709609368289,0.039319181340507436,0.5587787678934716,0.0146570569533923,0.4718418428779067,0.005323510959749176,4.395455 ± 0.115295,7.790710 ± 0.039319,0.558779 ± 0.014657,0.471842 ± 0.005324
graph_gru,cicv5g,30,vehicle_count,3,1.605996255145109,0.03878342561591124,2.7645832372866135,0.04483303240880777,0.3601503723539208,0.008697321137569514,0.7852476741515272,0.006984070998956842,1.605996 ± 0.038783,2.764583 ± 0.044833,0.360150 ± 0.008697,0.785248 ± 0.006984
graph_gru,clean,5,flow_proxy,3,13917.956859439582,188.9659744453676,23101.26788471157,465.19627424016403,0.4338746880382352,0.005890775064209121,0.7564507492970826,0.009749205621473122,13917.956859 ± 188.965974,23101.267885 ± 465.196274,0.433875 ± 0.005891,0.756451 ± 0.009749
graph_gru,clean,5,speed_mean_kmh,3,3.96903142541016,0.03256294206873038,7.4912379558250635,0.11997441374830532,0.5027451335428691,0.0041246487881362055,0.5148749880136824,0.015605564734422574,3.969031 ± 0.032563,7.491238 ± 0.119974,0.502745 ± 0.004125,0.514875 ± 0.015606
graph_gru,clean,5,vehicle_count,3,1.0374569108098275,0.007705986611278883,1.7111613990407741,0.021769521954335215,0.2301381070199744,0.0017094118830021643,0.9230099379358903,0.001959572568889457,1.037457 ± 0.007706,1.711161 ± 0.021770,0.230138 ± 0.001709,0.923010 ± 0.001960
graph_gru,clean,10,flow_proxy,3,17201.621771425594,560.692009882523,28715.90313522288,1109.1260352575796,0.5254381106686358,0.017126812474685463,0.6355466297382576,0.028270032390637974,17201.621771 ± 560.692010,28715.903135 ± 1109.126035,0.525438 ± 0.017127,0.635547 ± 0.028270
graph_gru,clean,10,speed_mean_kmh,3,4.450312372844496,0.044486364114907403,7.952354458270343,0.15526606812980653,0.5552962129280047,0.005550870916540976,0.45692035952014204,0.021280476812637335,4.450312 ± 0.044486,7.952354 ± 0.155266,0.555296 ± 0.005551,0.456920 ± 0.021280
graph_gru,clean,10,vehicle_count,3,1.3415635876095695,0.007399213534156979,2.2740066165834465,0.0505060775269868,0.29559319728521033,0.001630304523883667,0.8616914691556098,0.006157024126729966,1.341564 ± 0.007399,2.274007 ± 0.050506,0.295593 ± 0.001630,0.861691 ± 0.006157
graph_gru,clean,30,flow_proxy,3,15878.601586395132,375.618239505016,26422.1123178741,626.8530474164183,0.49889622314659404,0.011801701806951694,0.6844228176850202,0.014881303468155123,15878.601586 ± 375.618240,26422.112318 ± 626.853047,0.498896 ± 0.011802,0.684423 ± 0.014881
graph_gru,clean,30,speed_mean_kmh,3,4.395455497656904,0.11529507788588811,7.790709609368289,0.039319181340507436,0.5587787678934716,0.0146570569533923,0.4718418428779067,0.005323510959749176,4.395455 ± 0.115295,7.790710 ± 0.039319,0.558779 ± 0.014657,0.471842 ± 0.005324
graph_gru,clean,30,vehicle_count,3,1.605996255145109,0.03878342561591124,2.7645832372866135,0.04483303240880777,0.3601503723539208,0.008697321137569514,0.7852476741515272,0.006984070998956842,1.605996 ± 0.038783,2.764583 ± 0.044833,0.360150 ± 0.008697,0.785248 ± 0.006984
graph_gru,see_v2x,5,flow_proxy,3,13925.803960093479,174.23294794676943,23115.39403218585,448.3043726608652,0.4341193114684268,0.005431491611867988,0.7561575773478314,0.009405201639837447,13925.803960 ± 174.232948,23115.394032 ± 448.304373,0.434119 ± 0.005431,0.756158 ± 0.009405
graph_gru,see_v2x,5,speed_mean_kmh,3,3.9716372643769975,0.03167897394778645,7.492454257174444,0.12007023735579571,0.5030752072356564,0.004012679236026744,0.5147173367235076,0.015620361016102636,3.971637 ± 0.031679,7.492454 ± 0.120070,0.503075 ± 0.004013,0.514717 ± 0.015620
graph_gru,see_v2x,5,vehicle_count,3,1.0407922223731356,0.006847267157363069,1.7256616558085573,0.02257575829816738,0.23087797609935853,0.0015189229407373734,0.9216991078695062,0.002043677173753575,1.040792 ± 0.006847,1.725662 ± 0.022576,0.230878 ± 0.001519,0.921699 ± 0.002044
graph_gru,see_v2x,10,flow_proxy,3,17202.96925157819,576.2995881525313,28712.5549773384,1144.961737298619,0.5254792705915169,0.017603559176088256,0.635607750715343,0.029225041693504525,17202.969252 ± 576.299588,28712.554977 ± 1144.961737,0.525479 ± 0.017604,0.635608 ± 0.029225
graph_gru,see_v2x,10,speed_mean_kmh,3,4.451924447250481,0.04597846472524612,7.954448525668657,0.15641774598626781,0.5554973625861869,0.005737050615585025,0.4566323252371982,0.021443229229393058,4.451924 ± 0.045978,7.954449 ± 0.156418,0.555497 ± 0.005737,0.456632 ± 0.021443
graph_gru,see_v2x,10,vehicle_count,3,1.3445817066297108,0.00895330006320996,2.2840465928707085,0.05517124156823483,0.29625819405404824,0.0019727239292874764,0.8604590945114926,0.006761957438552153,1.344582 ± 0.008953,2.284047 ± 0.055171,0.296258 ± 0.001973,0.860459 ± 0.006762
graph_gru,see_v2x,30,flow_proxy,3,15908.58707538271,399.2228360817849,26476.425790364246,669.0655404788782,0.49983834938634564,0.012543344200141929,0.683108087025952,0.015904599104896007,15908.587075 ± 399.222836,26476.425790 ± 669.065540,0.499838 ± 0.012543,0.683108 ± 0.015905
graph_gru,see_v2x,30,speed_mean_kmh,3,4.401723867526308,0.11810100688716031,7.796636249057703,0.03537023113028501,0.5595756436653213,0.015013764819269521,0.471039688589284,0.004793623020851602,4.401724 ± 0.118101,7.796636 ± 0.035370,0.559576 ± 0.015014,0.471040 ± 0.004794
graph_gru,see_v2x,30,vehicle_count,3,1.6081105418775892,0.03981103221356824,2.765200765708805,0.04661325949371714,0.3606245086736825,0.008927765572040561,0.7851486922972949,0.007268741576659865,1.608111 ± 0.039811,2.765201 ± 0.046613,0.360625 ± 0.008928,0.785149 ± 0.007269
graph_wavenet,cicv5g,5,flow_proxy,3,13281.940261485179,442.93266572211394,22694.303430670523,717.3401257712981,0.4140476756533356,0.01380786519910684,0.7648631659522914,0.014964186591242889,13281.940261 ± 442.932666,22694.303431 ± 717.340126,0.414048 ± 0.013808,0.764863 ± 0.014964
graph_wavenet,cicv5g,5,speed_mean_kmh,3,3.856707930011814,0.08387591520708193,7.682241256402321,0.23382630313687722,0.4885174581627963,0.010624306958581749,0.4895934309699091,0.03077911704312993,3.856708 ± 0.083876,7.682241 ± 0.233826,0.488517 ± 0.010624,0.489593 ± 0.030779
graph_wavenet,cicv5g,5,vehicle_count,3,1.0204849114037642,0.02172018388640862,1.7807967425031794,0.06623623641158202,0.22637322408849278,0.004818168303338907,0.9165483492888483,0.0061388783741332924,1.020485 ± 0.021720,1.780797 ± 0.066236,0.226373 ± 0.004818,0.916548 ± 0.006139
graph_wavenet,cicv5g,10,flow_proxy,3,16057.317741340323,573.0389320377362,27810.670163635456,979.0211898921685,0.49048437458560584,0.01750395967254936,0.6582198299579205,0.02421534532835867,16057.317741 ± 573.038932,27810.670164 ± 979.021190,0.490484 ± 0.017504,0.658220 ± 0.024215
graph_wavenet,cicv5g,10,speed_mean_kmh,3,4.382202720272665,0.21300369060924057,8.160414451695162,0.37154580306598073,0.5467977011453798,0.02657794168713566,0.42748625144112945,0.05138819747555622,4.382203 ± 0.213004,8.160414 ± 0.371546,0.546798 ± 0.026578,0.427486 ± 0.051388
graph_wavenet,cicv5g,10,vehicle_count,3,1.3111501377980088,0.017851553375200637,2.291315051365589,0.09383305148551994,0.288892054712989,0.003933319141499217,0.8594672266392697,0.011369031157514146,1.311150 ± 0.017852,2.291315 ± 0.093833,0.288892 ± 0.003933,0.859467 ± 0.011369
graph_wavenet,cicv5g,30,flow_proxy,3,15438.972232643357,164.95515611270807,26347.427696423085,351.69166628800446,0.48508333018005834,0.005182792950967265,0.6862847580198655,0.008341827890446992,15438.972233 ± 164.955156,26347.427696 ± 351.691666,0.485083 ± 0.005183,0.686285 ± 0.008342
graph_wavenet,cicv5g,30,speed_mean_kmh,3,4.612694779832352,0.1399946940493473,8.094038595157594,0.14388315484434888,0.5863956322882465,0.017797032115151233,0.42980342087502893,0.020342841724355434,4.612695 ± 0.139995,8.094039 ± 0.143883,0.586396 ± 0.017797,0.429803 ± 0.020343
graph_wavenet,cicv5g,30,vehicle_count,3,1.6043750535756889,0.060802562857433795,2.8117548163965864,0.13157947986451263,0.35978681213575897,0.013635190980690598,0.7775712767849843,0.020579886244201144,1.604375 ± 0.060803,2.811755 ± 0.131579,0.359787 ± 0.013635,0.777571 ± 0.020580
graph_wavenet,clean,5,flow_proxy,3,13281.940261485179,442.93266572211394,22694.303430670523,717.3401257712981,0.4140476756533356,0.01380786519910684,0.7648631659522914,0.014964186591242889,13281.940261 ± 442.932666,22694.303431 ± 717.340126,0.414048 ± 0.013808,0.764863 ± 0.014964
graph_wavenet,clean,5,speed_mean_kmh,3,3.856707930011814,0.08387591520708193,7.682241256402321,0.23382630313687722,0.4885174581627963,0.010624306958581749,0.4895934309699091,0.03077911704312993,3.856708 ± 0.083876,7.682241 ± 0.233826,0.488517 ± 0.010624,0.489593 ± 0.030779
graph_wavenet,clean,5,vehicle_count,3,1.0204849114037642,0.02172018388640862,1.7807967425031794,0.06623623641158202,0.22637322408849278,0.004818168303338907,0.9165483492888483,0.0061388783741332924,1.020485 ± 0.021720,1.780797 ± 0.066236,0.226373 ± 0.004818,0.916548 ± 0.006139
graph_wavenet,clean,10,flow_proxy,3,16057.317741340323,573.0389320377362,27810.670163635456,979.0211898921685,0.49048437458560584,0.01750395967254936,0.6582198299579205,0.02421534532835867,16057.317741 ± 573.038932,27810.670164 ± 979.021190,0.490484 ± 0.017504,0.658220 ± 0.024215
graph_wavenet,clean,10,speed_mean_kmh,3,4.382202720272665,0.21300369060924057,8.160414451695162,0.37154580306598073,0.5467977011453798,0.02657794168713566,0.42748625144112945,0.05138819747555622,4.382203 ± 0.213004,8.160414 ± 0.371546,0.546798 ± 0.026578,0.427486 ± 0.051388
graph_wavenet,clean,10,vehicle_count,3,1.3111501377980088,0.017851553375200637,2.291315051365589,0.09383305148551994,0.288892054712989,0.003933319141499217,0.8594672266392697,0.011369031157514146,1.311150 ± 0.017852,2.291315 ± 0.093833,0.288892 ± 0.003933,0.859467 ± 0.011369
graph_wavenet,clean,30,flow_proxy,3,15438.972232643357,164.95515611270807,26347.427696423085,351.69166628800446,0.48508333018005834,0.005182792950967265,0.6862847580198655,0.008341827890446992,15438.972233 ± 164.955156,26347.427696 ± 351.691666,0.485083 ± 0.005183,0.686285 ± 0.008342
graph_wavenet,clean,30,speed_mean_kmh,3,4.612694779832352,0.1399946940493473,8.094038595157594,0.14388315484434888,0.5863956322882465,0.017797032115151233,0.42980342087502893,0.020342841724355434,4.612695 ± 0.139995,8.094039 ± 0.143883,0.586396 ± 0.017797,0.429803 ± 0.020343
graph_wavenet,clean,30,vehicle_count,3,1.6043750535756889,0.060802562857433795,2.8117548163965864,0.13157947986451263,0.35978681213575897,0.013635190980690598,0.7775712767849843,0.020579886244201144,1.604375 ± 0.060803,2.811755 ± 0.131579,0.359787 ± 0.013635,0.777571 ± 0.020580
graph_wavenet,see_v2x,5,flow_proxy,3,13287.931319679163,434.6328350367763,22705.028959596704,721.2280103905955,0.41423443930917864,0.013549128483241175,0.7646393047248422,0.015056000557967885,13287.931320 ± 434.632835,22705.028960 ± 721.228010,0.414234 ± 0.013549,0.764639 ± 0.015056
graph_wavenet,see_v2x,5,speed_mean_kmh,3,3.859731289093508,0.08385819796560448,7.684162445189172,0.2336901541557864,0.48890041785808697,0.010622062769514507,0.4893386366135683,0.030769084319231952,3.859731 ± 0.083858,7.684162 ± 0.233690,0.488900 ± 0.010622,0.489339 ± 0.030769
graph_wavenet,see_v2x,5,vehicle_count,3,1.0229585129313181,0.020781384367047392,1.7886762619052892,0.06332972843212775,0.22692194082760886,0.004609915274219449,0.9158154982941045,0.005901016699128285,1.022959 ± 0.020781,1.788676 ± 0.063330,0.226922 ± 0.004610,0.915815 ± 0.005901
graph_wavenet,see_v2x,10,flow_proxy,3,16054.320126000166,569.9351274597584,27796.44946839285,981.3621791567729,0.49039280988538314,0.017409151332091238,0.6585676326885584,0.02426554498686974,16054.320126 ± 569.935127,27796.449468 ± 981.362179,0.490393 ± 0.017409,0.658568 ± 0.024266
graph_wavenet,see_v2x,10,speed_mean_kmh,3,4.384501647278139,0.21104708760475804,8.16281992507898,0.36923458198251996,0.5470845541464696,0.026333802816070735,0.4271589433354032,0.05108721543750689,4.384502 ± 0.211047,8.162820 ± 0.369235,0.547085 ± 0.026334,0.427159 ± 0.051087
graph_wavenet,see_v2x,10,vehicle_count,3,1.313860289391705,0.01723343862405444,2.298042688270811,0.09046340079443382,0.2894891955284577,0.003797126927229309,0.8586527580682963,0.010994419510939676,1.313860 ± 0.017233,2.298043 ± 0.090463,0.289489 ± 0.003797,0.858653 ± 0.010994
graph_wavenet,see_v2x,30,flow_proxy,3,15449.068967516423,164.87316741793475,26371.140825020742,341.702944267893,0.48540056358798017,0.005180216914913956,0.6857219594430118,0.008113140763890489,15449.068968 ± 164.873167,26371.140825 ± 341.702944,0.485401 ± 0.005180,0.685722 ± 0.008113
graph_wavenet,see_v2x,30,speed_mean_kmh,3,4.615239776905423,0.13702786455164476,8.09875795794893,0.13903068891198903,0.5867191687976122,0.017419869536173933,0.42914640600499965,0.019662215591083894,4.615240 ± 0.137028,8.098758 ± 0.139031,0.586719 ± 0.017420,0.429146 ± 0.019662
graph_wavenet,see_v2x,30,vehicle_count,3,1.6065709519942948,0.05883813409758597,2.8143153725427097,0.13042945068182782,0.3602792501664074,0.013194660844299922,0.7771722120685984,0.020432682637928492,1.606571 ± 0.058838,2.814315 ± 0.130429,0.360279 ± 0.013195,0.777172 ± 0.020433
