model,horizon_s,target,predictor,samples,coefficient,robust_SE,t_value,p_value,CI_lower,CI_upper,R2,adjusted_R2
ca_dtnet,5,flow_proxy,const,74,-5.911910090493517,14.81336454607977,-0.3990929995750394,0.6898246802328384,-34.94557109067239,23.121750909685357,0.22453638747332882,0.17958197515294205
ca_dtnet,5,flow_proxy,delta_latency_mean_ms_see_minus_cic,74,-231.3283830264379,171.71195094055196,-1.3471886013718732,0.17791949812958818,-567.8776225850283,105.2208565321526,0.22453638747332882,0.17958197515294205
ca_dtnet,5,flow_proxy,delta_latency_p95_ms_see_minus_cic,74,123.08341068998476,190.30315037733476,0.6467754761071159,0.5177772664831077,-249.90391019410134,496.07073157407086,0.22453638747332882,0.17958197515294205
ca_dtnet,5,flow_proxy,delta_aoi_mean_s_see_minus_cic,74,130.9391713972115,110.60739036162444,1.1838193720068206,0.23648457209638418,-85.84733013553509,347.72567292995814,0.22453638747332882,0.17958197515294205
ca_dtnet,5,flow_proxy,delta_aoi_p95_s_see_minus_cic,74,33.596142151762976,129.32269456537756,0.25978535526708224,0.7950293480228648,-219.87168158005085,287.06396588357677,0.22453638747332882,0.17958197515294205
ca_dtnet,5,speed_mean_kmh,const,74,0.002039688440432798,0.002618828239496678,0.7788553711429402,0.4360649159346255,-0.003093120590677126,0.0071724974715427214,0.26000042888926655,0.21710190302777477
ca_dtnet,5,speed_mean_kmh,delta_latency_mean_ms_see_minus_cic,74,-0.09733141369869486,0.02788079208083459,-3.4909845249913474,0.00048124412684926837,-0.1519767620375802,-0.04268606535980951,0.26000042888926655,0.21710190302777477
ca_dtnet,5,speed_mean_kmh,delta_latency_p95_ms_see_minus_cic,74,0.055296784558572926,0.030060361724561495,1.8395249220634442,0.06583801572352738,-0.0036204417838139533,0.11421401090095981,0.26000042888926655,0.21710190302777477
ca_dtnet,5,speed_mean_kmh,delta_aoi_mean_s_see_minus_cic,74,0.08659409167325212,0.02111316203565564,4.101426945287169,4.106101464186269e-05,0.04521305448360869,0.12797512886289555,0.26000042888926655,0.21710190302777477
ca_dtnet,5,speed_mean_kmh,delta_aoi_p95_s_see_minus_cic,74,-0.04126531795974556,0.025226612155293433,-1.6357851663044907,0.10188455762083655,-0.09070856923608103,0.00817793331658992,0.26000042888926655,0.21710190302777477
ca_dtnet,5,vehicle_count,const,74,-0.0007617849969324001,0.0009135799494653371,-0.833846011373418,0.40436776362343774,-0.002552368794882383,0.0010287988010175832,0.06625160423627385,0.012121262452869375
ca_dtnet,5,vehicle_count,delta_latency_mean_ms_see_minus_cic,74,-0.009011424186557378,0.007518538770722813,-1.1985605795700436,0.2306988540859065,-0.02374748939354214,0.005724641020427386,0.06625160423627385,0.012121262452869375
ca_dtnet,5,vehicle_count,delta_latency_p95_ms_see_minus_cic,74,0.0030202606580946923,0.008989009413900151,0.3359948264626704,0.7368747678052547,-0.014597874049841105,0.02063839536603049,0.06625160423627385,0.012121262452869375
ca_dtnet,5,vehicle_count,delta_aoi_mean_s_see_minus_cic,74,-0.002869324370839264,0.006606617863136765,-0.4343106306858399,0.6640628851741578,-0.015818057442206296,0.010079408700527766,0.06625160423627385,0.012121262452869375
ca_dtnet,5,vehicle_count,delta_aoi_p95_s_see_minus_cic,74,0.007819591217660807,0.008624554024501267,0.9066661528754226,0.3645833674614084,-0.009084224053081656,0.02472340648840327,0.06625160423627385,0.012121262452869375
ca_dtnet,10,flow_proxy,const,74,-31.920209504004553,18.56453692314309,-1.7194185686480492,0.08553818352029975,-68.30603326302904,4.465614255019936,0.3975827650379907,0.3626600267793235
ca_dtnet,10,flow_proxy,delta_latency_mean_ms_see_minus_cic,74,-598.7377724441277,200.3591033816643,-2.9883232772488073,0.0028051267256939236,-991.4343990469272,-206.04114584132827,0.3975827650379907,0.3626600267793235
ca_dtnet,10,flow_proxy,delta_latency_p95_ms_see_minus_cic,74,337.3560366583164,219.88981913821604,1.5342048939804014,0.12497925404225174,-93.62008941961335,768.3321627362461,0.3975827650379907,0.3626600267793235
ca_dtnet,10,flow_proxy,delta_aoi_mean_s_see_minus_cic,74,472.6623815361887,134.100115668924,3.5246977914853677,0.0004239661705922309,209.83098450244233,735.4937785699351,0.3975827650379907,0.3626600267793235
ca_dtnet,10,flow_proxy,delta_aoi_p95_s_see_minus_cic,74,-114.48591037081825,152.46519872695134,-0.7508986399962008,0.45271365889231907,-413.312208771385,184.34038802974845,0.3975827650379907,0.3626600267793235
ca_dtnet,10,speed_mean_kmh,const,74,-0.0070064084372424215,0.0029021229380504364,-2.414235574027449,0.015768263750092146,-0.012694464874528844,-0.0013183519999559997,0.4201137094155095,0.38649711285988686
ca_dtnet,10,speed_mean_kmh,delta_latency_mean_ms_see_minus_cic,74,-0.15163780053195797,0.030580825906949907,-4.958590752040357,7.100636762543579e-07,-0.21157511792706923,-0.09170048313684671,0.4201137094155095,0.38649711285988686
ca_dtnet,10,speed_mean_kmh,delta_latency_p95_ms_see_minus_cic,74,0.10261465647486291,0.032542127943538515,3.1532866152115853,0.0016144321036504318,0.038833257725232925,0.1663960552244929,0.4201137094155095,0.38649711285988686
ca_dtnet,10,speed_mean_kmh,delta_aoi_mean_s_see_minus_cic,74,0.12292732559444465,0.028908027687133315,4.252359480379162,2.1152994660432046e-05,0.06626863246357664,0.17958601872531266,0.4201137094155095,0.38649711285988686
ca_dtnet,10,speed_mean_kmh,delta_aoi_p95_s_see_minus_cic,74,-0.06446379027753427,0.027516546878019747,-2.3427281978113332,0.019143323301231162,-0.11839523113736103,-0.010532349417707497,0.4201137094155095,0.38649711285988686
ca_dtnet,10,vehicle_count,const,74,-0.00041053678556420285,0.0012148423914968497,-0.33793419495212557,0.7354127780311027,-0.0027915841197905366,0.0019705105486621313,0.07395813679850705,0.020274550525956725
ca_dtnet,10,vehicle_count,delta_latency_mean_ms_see_minus_cic,74,-0.02241742417311243,0.011598039579700764,-1.9328632239148482,0.05325304933224627,-0.04514916404059599,0.000314315694371136,0.07395813679850705,0.020274550525956725
ca_dtnet,10,vehicle_count,delta_latency_p95_ms_see_minus_cic,74,0.01739891156829781,0.013214113846649245,1.316691514104801,0.18794204922020163,-0.008500275658746743,0.04329809879534237,0.07395813679850705,0.020274550525956725
ca_dtnet,10,vehicle_count,delta_aoi_mean_s_see_minus_cic,74,0.008542448714870268,0.008454767211872327,1.0103706584463754,0.31231774000748813,-0.00802859051806962,0.025113487947810157,0.07395813679850705,0.020274550525956725
ca_dtnet,10,vehicle_count,delta_aoi_p95_s_see_minus_cic,74,-0.002088229119620283,0.010711238994586614,-0.19495682251844623,0.8454267496038521,-0.023081871778811065,0.0189054135395705,0.07395813679850705,0.020274550525956725
ca_dtnet,30,flow_proxy,const,74,-43.41827465218617,16.180894570276337,-2.6833049596617373,0.007289848250792129,-75.13224524756751,-11.704304056804837,0.5899700057111108,0.5662001509697259
ca_dtnet,30,flow_proxy,delta_latency_mean_ms_see_minus_cic,74,1446.0632547498324,165.96413001601664,8.713107191356817,2.95656840059893e-18,1120.779537192917,1771.3469723067478,0.5899700057111108,0.5662001509697259
ca_dtnet,30,flow_proxy,delta_latency_p95_ms_see_minus_cic,74,-1459.4005968591123,201.4416676929181,-7.244780156823628,4.3314120203440644e-13,-1854.2190105229174,-1064.5821831953072,0.5899700057111108,0.5662001509697259
ca_dtnet,30,flow_proxy,delta_aoi_mean_s_see_minus_cic,74,-950.0041816707713,133.9783314151217,-7.090730057887163,1.3340634179878682e-12,-1212.596885953181,-687.4114773883616,0.5899700057111108,0.5662001509697259
ca_dtnet,30,flow_proxy,delta_aoi_p95_s_see_minus_cic,74,938.8317472995743,154.74828618293256,6.066831306873107,1.3045845542493772e-09,635.5306797117292,1242.1328148874195,0.5899700057111108,0.5662001509697259
ca_dtnet,30,speed_mean_kmh,const,74,0.0043371024682111415,0.002690939117324073,1.6117430677971074,0.10701786162048278,-0.0009370412863340446,0.009611246222756328,0.3922082171079456,0.35697391085333374
ca_dtnet,30,speed_mean_kmh,delta_latency_mean_ms_see_minus_cic,74,0.16115430659821492,0.025999123921366236,6.19845142034872,5.702139956124341e-10,0.11019696008274332,0.21211165311368652,0.3922082171079456,0.35697391085333374
ca_dtnet,30,speed_mean_kmh,delta_latency_p95_ms_see_minus_cic,74,-0.12637327506263069,0.02940732411153117,-4.297340165441212,1.7285981966926803e-05,-0.18401057120292813,-0.06873597892233325,0.3922082171079456,0.35697391085333374
ca_dtnet,30,speed_mean_kmh,delta_aoi_mean_s_see_minus_cic,74,-0.07929321150190999,0.02571128110031013,-3.083985243386163,0.0020424772611835657,-0.1296863964549032,-0.02890002654891676,0.3922082171079456,0.35697391085333374
ca_dtnet,30,speed_mean_kmh,delta_aoi_p95_s_see_minus_cic,74,0.03939424616478082,0.02843062748562877,1.385627038470888,0.16586081755789372,-0.01632875976492612,0.09511725209448776,0.3922082171079456,0.35697391085333374
ca_dtnet,30,vehicle_count,const,74,-0.012735358010131398,0.001781784335757336,-7.1475305706503,8.835284804662163e-13,-0.0162275911364334,-0.009243124883829397,0.549474266067708,0.5233568322165606
ca_dtnet,30,vehicle_count,delta_latency_mean_ms_see_minus_cic,74,0.09067240576912385,0.015381161610171749,5.895029781701343,3.746138101342583e-09,0.06052588297279711,0.12081892856545058,0.549474266067708,0.5233568322165606
ca_dtnet,30,vehicle_count,delta_latency_p95_ms_see_minus_cic,74,-0.04637845424915992,0.015490865515266003,-2.9939227219715185,0.002754156923431875,-0.0767399927484348,-0.01601691574988505,0.549474266067708,0.5233568322165606
ca_dtnet,30,vehicle_count,delta_aoi_mean_s_see_minus_cic,74,-0.04708288743454202,0.012804744401292862,-3.6769876819867005,0.00023600443222115608,-0.07217972529231692,-0.02198604957676711,0.549474266067708,0.5233568322165606
ca_dtnet,30,vehicle_count,delta_aoi_p95_s_see_minus_cic,74,-0.008349580505179966,0.015261745308684108,-0.5470921140604383,0.5843154497669291,-0.03826205165142395,0.021562890641064016,0.549474266067708,0.5233568322165606
graph_gru,5,flow_proxy,const,74,45.405304198191835,15.318767278172565,2.964031202620921,0.0030363749695684903,15.381072045422936,75.42953635096073,0.1367273441758371,0.0866825525338566
graph_gru,5,flow_proxy,delta_latency_mean_ms_see_minus_cic,74,182.6672258448399,160.93679200003388,1.1350246489615714,0.25636499080828923,-132.7630902626404,498.09754195232017,0.1367273441758371,0.0866825525338566
graph_gru,5,flow_proxy,delta_latency_p95_ms_see_minus_cic,74,-120.11135467057065,192.58246869870476,-0.6236878957995124,0.5328325738220128,-497.5660573738443,257.3433480327029,0.1367273441758371,0.0866825525338566
graph_gru,5,flow_proxy,delta_aoi_mean_s_see_minus_cic,74,83.81660633138128,166.84364161399972,0.5023662005969324,0.6154099498342687,-243.1909222815664,410.824134944329,0.1367273441758371,0.0866825525338566
graph_gru,5,flow_proxy,delta_aoi_p95_s_see_minus_cic,74,-177.76959864034657,176.2323599366224,-1.0087227947482347,0.3131075965621086,-523.178677026626,167.63947974593285,0.1367273441758371,0.0866825525338566
graph_gru,5,speed_mean_kmh,const,74,0.009538584195280574,0.0035927039713240703,2.6549875167603036,0.007931134346289585,0.0024970138043713735,0.016580154586189774,0.15521068292685736,0.10623738918348669
graph_gru,5,speed_mean_kmh,delta_latency_mean_ms_see_minus_cic,74,-0.012104544005740486,0.02415598710592349,-0.5010991251428608,0.6163013625244829,-0.059449408744364454,0.03524032073288348,0.15521068292685736,0.10623738918348669
graph_gru,5,speed_mean_kmh,delta_latency_p95_ms_see_minus_cic,74,0.047734586589927755,0.027126429132825466,1.7597077136910928,0.07845737726279839,-0.0054322375395882486,0.10090141071944375,0.15521068292685736,0.10623738918348669
graph_gru,5,speed_mean_kmh,delta_aoi_mean_s_see_minus_cic,74,0.03968918579417617,0.050589491325592685,0.7845341938454683,0.4327267260853047,-0.05946439520018697,0.1388427667885393,0.15521068292685736,0.10623738918348669
graph_gru,5,speed_mean_kmh,delta_aoi_p95_s_see_minus_cic,74,-0.08225329195606129,0.052499873006018966,-1.566733160414144,0.11717707636678087,-0.18515115224078504,0.02064456832866246,0.15521068292685736,0.10623738918348669
graph_gru,5,vehicle_count,const,74,0.0028506247714189287,0.0019085283437902368,1.4936245409684292,0.13527378140339025,-0.000890022045883814,0.006591271588721671,0.10664658866616239,0.0548579851105776
graph_gru,5,vehicle_count,delta_latency_mean_ms_see_minus_cic,74,-0.0030545236384077364,0.01038952706262945,-0.29400025814405817,0.7687577061144731,-0.023417622497565675,0.017308575220750202,0.10664658866616239,0.0548579851105776
graph_gru,5,vehicle_count,delta_latency_p95_ms_see_minus_cic,74,-0.006094555347176667,0.011556360772053267,-0.5273766947389807,0.5979320242091962,-0.028744606252752564,0.01655549555839923,0.10664658866616239,0.0548579851105776
graph_gru,5,vehicle_count,delta_aoi_mean_s_see_minus_cic,74,0.02160226332884737,0.027616297555149168,0.7822288011529461,0.43408012115776695,-0.03252468526558654,0.07572921192328128,0.10664658866616239,0.0548579851105776
graph_gru,5,vehicle_count,delta_aoi_p95_s_see_minus_cic,74,-0.016430824695818618,0.02853207579285579,-0.5758720401244963,0.5647016755232104,-0.07235266565398307,0.03949101626234583,0.10664658866616239,0.0548579851105776
graph_gru,10,flow_proxy,const,74,61.46833893531747,15.459051702548928,3.9762037231030423,7.002414373234141e-05,31.169154363178965,91.76752350745598,0.3436339757928294,0.3055837714909644
graph_gru,10,flow_proxy,delta_latency_mean_ms_see_minus_cic,74,47.78122440941085,145.11129492694306,0.3292729517262355,0.7419493866376481,-236.63168739736741,332.1941362161891,0.3436339757928294,0.3055837714909644
graph_gru,10,flow_proxy,delta_latency_p95_ms_see_minus_cic,74,50.32396814114993,169.36937582388867,0.29712554525487006,0.7663706622682877,-281.6339085577008,382.28184484000064,0.3436339757928294,0.3055837714909644
graph_gru,10,flow_proxy,delta_aoi_mean_s_see_minus_cic,74,-251.26309180072565,173.65954206376324,-1.4468717861093312,0.14793283647762792,-591.6295398174202,89.10335621596886,0.3436339757928294,0.3055837714909644
graph_gru,10,flow_proxy,delta_aoi_p95_s_see_minus_cic,74,70.70727729442625,186.9596501230692,0.3781953873356205,0.7052854518211612,-295.7269035089988,437.14145809785134,0.3436339757928294,0.3055837714909644
graph_gru,10,speed_mean_kmh,const,74,0.005771192150581708,0.0027347009105953995,2.110355881413446,0.03482771359509113,0.0004112768573258348,0.011131107443837582,0.16856097604953613,0.12036161234226284
graph_gru,10,speed_mean_kmh,delta_latency_mean_ms_see_minus_cic,74,0.024334239366114785,0.025641164908099298,0.9490301807008895,0.34260526236890587,-0.02592152037541212,0.07458999910764169,0.16856097604953613,0.12036161234226284
graph_gru,10,speed_mean_kmh,delta_latency_p95_ms_see_minus_cic,74,0.02407513386189892,0.027490551203664636,0.8757603179193284,0.38116034674538213,-0.029805356412438,0.07795562413623583,0.16856097604953613,0.12036161234226284
graph_gru,10,speed_mean_kmh,delta_aoi_mean_s_see_minus_cic,74,-0.02856085274125732,0.02769730296461161,-1.0311781178748363,0.3024573001543195,-0.08284656902079054,0.0257248635382759,0.16856097604953613,0.12036161234226284
graph_gru,10,speed_mean_kmh,delta_aoi_p95_s_see_minus_cic,74,-0.025178854024457548,0.029703168691066914,-0.8476824235937483,0.39661485748698944,-0.08339599488566643,0.03303828683675134,0.16856097604953613,0.12036161234226284
graph_gru,10,vehicle_count,const,74,0.0034826951433128894,0.0018949295326996152,1.837902192780362,0.06607681894907377,-0.0002312984940196711,0.00719668878064545,0.16202081689315007,0.11344231352463696
graph_gru,10,vehicle_count,delta_latency_mean_ms_see_minus_cic,74,-0.012732946106952834,0.01063922971718528,-1.196792102945726,0.23138759707794654,-0.033585453175884246,0.008119560961978578,0.16202081689315007,0.11344231352463696
graph_gru,10,vehicle_count,delta_latency_p95_ms_see_minus_cic,74,-0.002065369520277647,0.011681181661905387,-0.17681169423237547,0.8596563031119575,-0.024960064874481942,0.020829325833926646,0.16202081689315007,0.11344231352463696
graph_gru,10,vehicle_count,delta_aoi_mean_s_see_minus_cic,74,0.017674474846600636,0.026442467375752073,0.6684124667884909,0.5038703397538786,-0.03415180887224878,0.06950075856545006,0.16202081689315007,0.11344231352463696
graph_gru,10,vehicle_count,delta_aoi_p95_s_see_minus_cic,74,-0.008825671364525896,0.027718774119383928,-0.31840049370560164,0.7501811638240043,-0.06315347033411935,0.045502127605067555,0.16202081689315007,0.11344231352463696
graph_gru,30,flow_proxy,const,74,22.036424715833984,10.497395123581814,2.099227899531988,0.03579681572145095,1.4619083421272379,42.61094108954073,0.22770144085374777,0.1829305098887476
graph_gru,30,flow_proxy,delta_latency_mean_ms_see_minus_cic,74,-249.41745371826164,106.03575328011584,-2.3522014603826387,0.01866266405319962,-457.2437112208636,-41.59119621565969,0.22770144085374777,0.1829305098887476
graph_gru,30,flow_proxy,delta_latency_p95_ms_see_minus_cic,74,260.4680190885194,107.13507835310219,2.4312113557247175,0.015048433353188315,50.48712403556232,470.44891414147645,0.22770144085374777,0.1829305098887476
graph_gru,30,flow_proxy,delta_aoi_mean_s_see_minus_cic,74,257.1370071806671,92.12286164020887,2.7912399007417994,0.005250653923106196,76.57951621309127,437.694498148243,0.22770144085374777,0.1829305098887476
graph_gru,30,flow_proxy,delta_aoi_p95_s_see_minus_cic,74,-235.783144440873,99.26624634657553,-2.3752600014476823,0.017536592550191753,-430.34141216064177,-41.22487672110424,0.22770144085374777,0.1829305098887476
graph_gru,30,speed_mean_kmh,const,74,0.001879325700193291,0.003211837722919462,0.5851247361541795,0.5584638473998162,-0.004415760560915992,0.008174411961302573,0.01989694055687985,-0.03692062810648955
graph_gru,30,speed_mean_kmh,delta_latency_mean_ms_see_minus_cic,74,0.002479305240582851,0.031457455536815164,0.07881455121763681,0.9371801298542044,-0.05917617465684498,0.06413478513801069,0.01989694055687985,-0.03692062810648955
graph_gru,30,speed_mean_kmh,delta_latency_p95_ms_see_minus_cic,74,-0.01966624876797445,0.030973146194468084,-0.6349451439158903,0.5254641927652021,-0.08037249979702572,0.04104000226107683,0.01989694055687985,-0.03692062810648955
graph_gru,30,speed_mean_kmh,delta_aoi_mean_s_see_minus_cic,74,0.008906287452820082,0.02786758991726817,0.3195930282905913,0.7492768600367438,-0.04571318512095707,0.06352576002659724,0.01989694055687985,-0.03692062810648955
graph_gru,30,speed_mean_kmh,delta_aoi_p95_s_see_minus_cic,74,0.005934759749503067,0.028145280140068223,0.21086163363690297,0.8329952428994565,-0.049228975659821095,0.06109849515882723,0.01989694055687985,-0.03692062810648955
graph_gru,30,vehicle_count,const,74,-0.005534245439158676,0.0027859986163275377,-1.986449457198165,0.04698343967988708,-0.010994702388139073,-7.378849017827815e-05,0.13240177561495237,0.08210622637523945
graph_gru,30,vehicle_count,delta_latency_mean_ms_see_minus_cic,74,0.025336213469517466,0.02416331933899871,1.0485402735470102,0.29438975718452853,-0.022023022181860193,0.07269544912089512,0.13240177561495237,0.08210622637523945
graph_gru,30,vehicle_count,delta_latency_p95_ms_see_minus_cic,74,-0.03466038555923532,0.02153783690453671,-1.6092788571509002,0.1075553800683369,-0.0768737701970249,0.007552999078554272,0.13240177561495237,0.08210622637523945
graph_gru,30,vehicle_count,delta_aoi_mean_s_see_minus_cic,74,-0.0266947338342944,0.024976565598447735,-1.0687912126699055,0.2851637597971831,-0.07564790286475406,0.02225843519616526,0.13240177561495237,0.08210622637523945
graph_gru,30,vehicle_count,delta_aoi_p95_s_see_minus_cic,74,0.028010609028756652,0.027410833897491417,1.0218809516524825,0.3068372489969624,-0.025713638196536204,0.08173485625404951,0.13240177561495237,0.08210622637523945
impaired_gru,5,flow_proxy,const,74,21.484468147760612,10.454532581936087,2.055038614053645,0.03987527521742144,0.9939608119653407,41.97497548355588,0.2680119468595291,0.2255778568224004
impaired_gru,5,flow_proxy,delta_latency_mean_ms_see_minus_cic,74,-9.05303176906025,85.10614353942374,-0.1063734225586971,0.915286079142817,-175.85800796942698,157.75194443130647,0.2680119468595291,0.2255778568224004
impaired_gru,5,flow_proxy,delta_latency_p95_ms_see_minus_cic,74,-251.3917477983271,97.86436017830982,-2.56877730912754,0.010205801865575487,-443.2023691178702,-59.58112647878397,0.2680119468595291,0.2255778568224004
impaired_gru,5,flow_proxy,delta_aoi_mean_s_see_minus_cic,74,142.63955991877702,133.80202397962506,1.066049344219918,0.28640133659163003,-119.6075881398528,404.88670797740684,0.2680119468595291,0.2255778568224004
impaired_gru,5,flow_proxy,delta_aoi_p95_s_see_minus_cic,74,92.35494015397431,113.46574760964843,0.8139455483226465,0.4156761456103598,-130.03383863984834,314.743718947797,0.2680119468595291,0.2255778568224004
impaired_gru,5,speed_mean_kmh,const,74,0.004823209262584444,0.0031071791051706867,1.5522791249973633,0.12059545054574093,-0.001266749877065495,0.010913168402234382,0.15137198092389093,0.10217615373107303
impaired_gru,5,speed_mean_kmh,delta_latency_mean_ms_see_minus_cic,74,-0.004623617113632284,0.018392460789984577,-0.2513865418242472,0.8015152717662549,-0.04067217784906717,0.03142494362180259,0.15137198092389093,0.10217615373107303
impaired_gru,5,speed_mean_kmh,delta_latency_p95_ms_see_minus_cic,74,-0.01711089416664027,0.020102119671937656,-0.8511985027393352,0.3946590943994658,-0.05651032473655221,0.022288536403271667,0.15137198092389093,0.10217615373107303
impaired_gru,5,speed_mean_kmh,delta_aoi_mean_s_see_minus_cic,74,0.05990397324742851,0.04458696418025767,1.3435311048594096,0.17910006111623755,-0.027484870725853983,0.147292817220711,0.15137198092389093,0.10217615373107303
impaired_gru,5,speed_mean_kmh,delta_aoi_p95_s_see_minus_cic,74,-0.04316639312913854,0.0461442358788228,-0.93546663645045,0.3495478695573885,-0.1336074335457522,0.04727464728747512,0.15137198092389093,0.10217615373107303
impaired_gru,5,vehicle_count,const,74,0.0014229761127864662,0.0016101890474622333,0.883732326355823,0.37684072554319836,-0.0017329364285403668,0.0045788886541133,0.052920049032857075,-0.001983136530455676
impaired_gru,5,vehicle_count,delta_latency_mean_ms_see_minus_cic,74,-0.004194888837672445,0.009893829171353256,-0.42399042524590885,0.6715727961069281,-0.023586437682716593,0.015196660007371701,0.052920049032857075,-0.001983136530455676
impaired_gru,5,vehicle_count,delta_latency_p95_ms_see_minus_cic,74,0.0018769019795035423,0.00992389381453177,0.18912959112431801,0.8499912496360917,-0.01757357248337854,0.021327376442385623,0.052920049032857075,-0.001983136530455676
impaired_gru,5,vehicle_count,delta_aoi_mean_s_see_minus_cic,74,0.011710353956505281,0.022592345881763655,0.5183328025248488,0.6042260900743859,-0.032569830298023295,0.05599053821103385,0.052920049032857075,-0.001983136530455676
impaired_gru,5,vehicle_count,delta_aoi_p95_s_see_minus_cic,74,-0.011882041210873408,0.023181084148537978,-0.5125748707323856,0.6082487350908057,-0.057316131264600195,0.03355204884285337,0.052920049032857075,-0.001983136530455676
impaired_gru,10,flow_proxy,const,74,4.345914345183288,6.880200599419347,0.6316551795815459,0.5276122214997323,-9.139031036089523,17.8308597264561,0.7228690681785435,0.7068035069135314
impaired_gru,10,flow_proxy,delta_latency_mean_ms_see_minus_cic,74,62.08977896530164,73.25393465168297,0.8475965046865256,0.39666272161013094,-81.48529467784766,205.66485260845093,0.7228690681785435,0.7068035069135314
impaired_gru,10,flow_proxy,delta_latency_p95_ms_see_minus_cic,74,-494.4131901217475,85.83470091371359,-5.760061896397386,8.408309684693323e-09,-662.6461125363934,-326.1802677071016,0.7228690681785435,0.7068035069135314
impaired_gru,10,flow_proxy,delta_aoi_mean_s_see_minus_cic,74,313.4250608463655,47.83994744731893,6.5515343885255595,5.69488697204176e-11,219.6604868273315,407.1896348653995,0.7228690681785435,0.7068035069135314
impaired_gru,10,flow_proxy,delta_aoi_p95_s_see_minus_cic,74,79.9813380812445,60.867352349453455,1.3140268960945314,0.18883715323998418,-39.31648035799371,199.27915652048273,0.7228690681785435,0.7068035069135314
impaired_gru,10,speed_mean_kmh,const,74,0.0053351268276119945,0.0023423661836255863,2.2776655780413124,0.022746510089324788,0.0007441734691013106,0.009926080186122678,0.317090959944887,0.27750203008661956
impaired_gru,10,speed_mean_kmh,delta_latency_mean_ms_see_minus_cic,74,0.04120516052394512,0.01575577835646788,2.615241189086038,0.008916446730463731,0.010324402396872389,0.07208591865101785,0.317090959944887,0.27750203008661956
impaired_gru,10,speed_mean_kmh,delta_latency_p95_ms_see_minus_cic,74,-0.0749037535153777,0.01733336302991778,-4.321362991480194,1.5506832677442233e-05,-0.10887652078497462,-0.04093098624578079,0.317090959944887,0.27750203008661956
impaired_gru,10,speed_mean_kmh,delta_aoi_mean_s_see_minus_cic,74,0.045504696462717556,0.03035337264843938,1.499164425309989,0.13383098145976796,-0.013986820737546785,0.1049962136629819,0.317090959944887,0.27750203008661956
impaired_gru,10,speed_mean_kmh,delta_aoi_p95_s_see_minus_cic,74,-0.01684203842422242,0.03205334921765008,-0.5254377104202391,0.5992789442727163,-0.0796654484747017,0.045981371626256845,0.317090959944887,0.27750203008661956
impaired_gru,10,vehicle_count,const,74,0.002699139213116383,0.0017652355728261242,1.5290532632962346,0.1262512402483971,-0.000760658933851752,0.006158937360084518,0.09383987300450347,0.04130885114969207
impaired_gru,10,vehicle_count,delta_latency_mean_ms_see_minus_cic,74,0.012541971860124497,0.011360608205536617,1.1039877120321904,0.2695984680987895,-0.009724411065197483,0.03480835478544648,0.09383987300450347,0.04130885114969207
impaired_gru,10,vehicle_count,delta_latency_p95_ms_see_minus_cic,74,-0.0175196272383148,0.010958361493768234,-1.5987451452735708,0.10987724204061612,-0.03899762109567109,0.003958366619041486,0.09383987300450347,0.04130885114969207
impaired_gru,10,vehicle_count,delta_aoi_mean_s_see_minus_cic,74,-0.00222417002372069,0.023381536591030632,-0.09512505797304621,0.92421549493719,-0.04805113964534616,0.04360279959790478,0.09383987300450347,0.04130885114969207
impaired_gru,10,vehicle_count,delta_aoi_p95_s_see_minus_cic,74,0.0030623050673586286,0.0240463392035569,0.12735015677170755,0.8986632640725782,-0.044067653731646464,0.05019226386636372,0.09383987300450347,0.04130885114969207
impaired_gru,30,flow_proxy,const,74,43.058162183493586,9.702379393254022,4.437897183595144,9.08419906567869e-06,24.04184800837212,62.07447635861505,0.25624973422761244,0.213133776791532
impaired_gru,30,flow_proxy,delta_latency_mean_ms_see_minus_cic,74,61.75322934065736,119.20190468498696,0.518055726574602,0.6044193889664158,-171.8782107304934,295.38466941180815,0.25624973422761244,0.213133776791532
impaired_gru,30,flow_proxy,delta_latency_p95_ms_see_minus_cic,74,73.87774991531653,135.72482706689854,0.544320088755039,0.5862212253542796,-192.1380229437317,339.8935227743648,0.25624973422761244,0.213133776791532
impaired_gru,30,flow_proxy,delta_aoi_mean_s_see_minus_cic,74,-283.21991165533495,66.57930210249928,-4.253873241556603,2.1010426693521343e-05,-413.71294589204547,-152.72687741862447,0.25624973422761244,0.213133776791532
impaired_gru,30,flow_proxy,delta_aoi_p95_s_see_minus_cic,74,123.96759497738977,77.0971485266254,1.6079400775059496,0.10784830322831877,-27.140039445531315,275.07522940031083,0.25624973422761244,0.213133776791532
impaired_gru,30,speed_mean_kmh,const,74,-0.0006939610451612006,0.0021245622778482717,-0.32663718658510454,0.7439423140939276,-0.004858026592656193,0.003470104502333791,0.05990832438802818,0.005410256236609512
impaired_gru,30,speed_mean_kmh,delta_latency_mean_ms_see_minus_cic,74,0.026469012368841197,0.01931932307220399,1.3700797005110363,0.17066202373919337,-0.011396165058372331,0.06433418979605472,0.05990832438802818,0.005410256236609512
impaired_gru,30,speed_mean_kmh,delta_latency_p95_ms_see_minus_cic,74,-0.015089239553582132,0.019880063598025757,-0.759013645966435,0.4478443938268434,-0.05405344821607838,0.023874969108914113,0.05990832438802818,0.005410256236609512
impaired_gru,30,speed_mean_kmh,delta_aoi_mean_s_see_minus_cic,74,-0.007308749500110901,0.019758530627833813,-0.369903493219029,0.7114543985607308,-0.046034757918096754,0.03141725891787495,0.05990832438802818,0.005410256236609512
impaired_gru,30,speed_mean_kmh,delta_aoi_p95_s_see_minus_cic,74,-0.0008512242211754309,0.02143595756912289,-0.0397101094472012,0.968324241862103,-0.04286492903078506,0.0411624805884342,0.05990832438802818,0.005410256236609512
impaired_gru,30,vehicle_count,const,74,-0.000285405786811785,0.0013161371202481925,-0.21685110344579006,0.8283243846071411,-0.0028649871412145043,0.0022941755675909346,0.48620997035981706,0.4564250411053137
impaired_gru,30,vehicle_count,delta_latency_mean_ms_see_minus_cic,74,0.011588510124340362,0.011609926698050558,0.9981553222283659,0.31820404728297236,-0.011166528066988762,0.034343548315669485,0.48620997035981706,0.4564250411053137
impaired_gru,30,vehicle_count,delta_latency_p95_ms_see_minus_cic,74,-0.030526917955740526,0.01026305526563643,-2.974447390725173,0.002935167819675705,-0.05064213664773208,-0.010411699263748967,0.48620997035981706,0.4564250411053137
impaired_gru,30,vehicle_count,delta_aoi_mean_s_see_minus_cic,74,-0.04750237009659236,0.012019291013487948,-3.9521773824500626,7.744329901996704e-05,-0.07105974760273466,-0.02394499259045006,0.48620997035981706,0.4564250411053137
impaired_gru,30,vehicle_count,delta_aoi_p95_s_see_minus_cic,74,0.05920940417321629,0.012432197214238295,4.762585659870742,1.911280223597698e-06,0.03484274538461004,0.08357606296182254,0.48620997035981706,0.4564250411053137
persistence,5,flow_proxy,const,74,26.21854964029721,15.530831771051258,1.6881613313954862,0.09138026383106054,-4.221321280913678,56.658420561508095,0.0453910818684089,-0.009948565559509515
persistence,5,flow_proxy,delta_latency_mean_ms_see_minus_cic,74,82.2581761533599,194.962837927143,0.42191720754546835,0.6730854495865946,-299.86196450756006,464.37831681427986,0.0453910818684089,-0.009948565559509515
persistence,5,flow_proxy,delta_latency_p95_ms_see_minus_cic,74,-161.9985881950933,260.70646298567107,-0.621383092462871,0.5343475938270963,-672.9738661838333,348.9766897936467,0.0453910818684089,-0.009948565559509515
persistence,5,flow_proxy,delta_aoi_mean_s_see_minus_cic,74,104.34217920576666,115.54157664460092,0.9030704118459197,0.36648852622060846,-122.11514973462542,330.7995081461587,0.0453910818684089,-0.009948565559509515
persistence,5,flow_proxy,delta_aoi_p95_s_see_minus_cic,74,-34.86943773586745,153.25527623495108,-0.22752520234546547,0.8200153744253194,-335.24425959710885,265.50538412537395,0.0453910818684089,-0.009948565559509515
persistence,5,speed_mean_kmh,const,74,0.005159621966278925,0.003421185885265974,1.5081384465251875,0.13151909710541254,-0.0015457791532591664,0.011865023085817016,0.09855872204534533,0.04630125665666962
persistence,5,speed_mean_kmh,delta_latency_mean_ms_see_minus_cic,74,-4.181263321208911e-05,0.022650658300569407,-0.001845978719790144,0.998527122916414,-0.04443628712845135,0.04435266186202717,0.09855872204534533,0.04630125665666962
persistence,5,speed_mean_kmh,delta_latency_p95_ms_see_minus_cic,74,-0.013340345549738335,0.02660418441717511,-0.501437869342316,0.6160629937756998,-0.06548358884546328,0.03880289774598661,0.09855872204534533,0.04630125665666962
persistence,5,speed_mean_kmh,delta_aoi_mean_s_see_minus_cic,74,0.0464251333506226,0.049577398651342273,0.9364172912159374,0.3490583786253416,-0.05074478245319291,0.1435950491544381,0.09855872204534533,0.04630125665666962
persistence,5,speed_mean_kmh,delta_aoi_p95_s_see_minus_cic,74,-0.038120330673917534,0.051050674571094114,-0.7467155134420498,0.45523530335788764,-0.13817781421973677,0.061937152871901706,0.09855872204534533,0.04630125665666962
persistence,5,vehicle_count,const,74,0.002215330456417497,0.0021366443067586094,1.0368269764929934,0.2998165009089925,-0.0019724154326019286,0.006403076345436923,0.09637042761528714,0.04398610457849217
persistence,5,vehicle_count,delta_latency_mean_ms_see_minus_cic,74,-0.015360647125818274,0.010979940841895599,-1.3989735780002965,0.161820906490579,-0.03688093572831405,0.0061596414766775,0.09637042761528714,0.04398610457849217
persistence,5,vehicle_count,delta_latency_p95_ms_see_minus_cic,74,0.014162673075668885,0.010574882354683025,1.3392747645459173,0.18048124089192297,-0.0065637154802579666,0.03488906163159573,0.09637042761528714,0.04398610457849217
persistence,5,vehicle_count,delta_aoi_mean_s_see_minus_cic,74,0.0370895821887901,0.032924686566381076,1.126497654397164,0.2599549328667903,-0.027441617683586543,0.10162078206116673,0.09637042761528714,0.04398610457849217
persistence,5,vehicle_count,delta_aoi_p95_s_see_minus_cic,74,-0.03805619494787767,0.03334729359388067,-1.14120790164696,0.2537834169197989,-0.10341568937376704,0.027303299478011703,0.09637042761528714,0.04398610457849217
persistence,10,flow_proxy,const,74,24.136077203057482,23.282894422003825,1.0366441888877589,0.2999017112811113,-21.497557319918535,69.7697117260335,0.0941265563954431,0.04161215386764261
persistence,10,flow_proxy,delta_latency_mean_ms_see_minus_cic,74,-56.61494939468271,124.5867814334861,-0.4544217993536343,0.6495252651788318,-300.80055395407896,187.57065516471351,0.0941265563954431,0.04161215386764261
persistence,10,flow_proxy,delta_latency_p95_ms_see_minus_cic,74,27.64422698772757,115.06473410506803,0.2402493448816824,0.8101369619520399,-197.8785077488834,253.16696172433853,0.0941265563954431,0.04161215386764261
persistence,10,flow_proxy,delta_aoi_mean_s_see_minus_cic,74,338.35658080805035,355.9160168647805,0.9506641026964479,0.34177491645631697,-359.2259937678699,1035.9391553839705,0.0941265563954431,0.04161215386764261
persistence,10,flow_proxy,delta_aoi_p95_s_see_minus_cic,74,-340.33954768232627,359.53581778071486,-0.9466081843614907,0.3438384719112343,-1045.0168016846828,364.3377063200304,0.0941265563954431,0.04161215386764261
persistence,10,speed_mean_kmh,const,74,0.0038516089777976097,0.0033038801871681776,1.1657834908047624,0.2437019937106386,-0.002623877198287471,0.01032709515388269,0.09708191342633554,0.044738835943804234
persistence,10,speed_mean_kmh,delta_latency_mean_ms_see_minus_cic,74,-0.0073549054769153415,0.016714117637092452,-0.4400415048290149,0.6599070469029306,-0.040113974078982255,0.02540416312515157,0.09708191342633554,0.044738835943804234
persistence,10,speed_mean_kmh,delta_latency_p95_ms_see_minus_cic,74,-0.0007428436924654417,0.016088248197915562,-0.04617306268072658,0.9631723124354022,-0.03227523073472137,0.030789543349790487,0.09708191342633554,0.044738835943804234
persistence,10,speed_mean_kmh,delta_aoi_mean_s_see_minus_cic,74,0.04644356486267669,0.05060621957731894,0.9177442071466666,0.3587527978314198,-0.05274280290259423,0.1456299326279476,0.09708191342633554,0.044738835943804234
persistence,10,speed_mean_kmh,delta_aoi_p95_s_see_minus_cic,74,-0.043354713868214004,0.0514118261320164,-0.8432829006479332,0.3990702436981872,-0.14412004146640134,0.05741061372997333,0.09708191342633554,0.044738835943804234
persistence,10,vehicle_count,const,74,0.0022153304920465686,0.0021356095439062236,1.0373293649898794,0.2995823848898933,-0.001970387299049641,0.006401048283142778,0.09668650884458019,0.04432050935730947
persistence,10,vehicle_count,delta_latency_mean_ms_see_minus_cic,74,-0.00420687659054221,0.011043331008537067,-0.3809427234672289,0.7032457496410593,-0.025851407636629253,0.01743765445554483,0.09668650884458019,0.04432050935730947
persistence,10,vehicle_count,delta_latency_p95_ms_see_minus_cic,74,0.0012978819958793415,0.010272186790334956,0.12634914282327026,0.8994555575719408,-0.018835234155645267,0.02143099814740395,0.09668650884458019,0.04432050935730947
persistence,10,vehicle_count,delta_aoi_mean_s_see_minus_cic,74,0.03092662368268902,0.032867614169221536,0.9409451967964827,0.34673294437669666,-0.033492716346743556,0.09534596371212159,0.09668650884458019,0.04432050935730947
persistence,10,vehicle_count,delta_aoi_p95_s_see_minus_cic,74,-0.03092582635577236,0.03325608010828132,-0.9299299934050649,0.35240733236159594,-0.09610654563498265,0.03425489292343793,0.09668650884458019,0.04432050935730947
persistence,30,flow_proxy,const,74,6.088120433426097,25.039853316482358,0.24313722434702212,0.8078990953952153,-42.98909024504515,55.165331111897345,0.06818483519151519,0.014166564767834844
persistence,30,flow_proxy,delta_latency_mean_ms_see_minus_cic,74,-253.27857420664913,218.8944723823867,-1.157080722276974,0.24723938197363293,-682.3038564910246,175.74670807772634,0.06818483519151519,0.014166564767834844
persistence,30,flow_proxy,delta_latency_p95_ms_see_minus_cic,74,309.9605916068687,279.3051742759025,1.1097559950704108,0.26710418643204015,-237.46749066958336,857.3886738833207,0.06818483519151519,0.014166564767834844
persistence,30,flow_proxy,delta_aoi_mean_s_see_minus_cic,74,362.28084716795877,326.24258478714984,1.110464617622869,0.26679886679296927,-277.1428692381098,1001.7045635740274,0.06818483519151519,0.014166564767834844
persistence,30,flow_proxy,delta_aoi_p95_s_see_minus_cic,74,-435.7696995730614,346.34095208090235,-1.2582101451036876,0.2083157669344834,-1114.5854920229426,243.0460928768199,0.06818483519151519,0.014166564767834844
persistence,30,speed_mean_kmh,const,74,0.0014100638186586058,0.0035545140970298377,0.3966966454956134,0.6915911741595799,-0.005556655794059787,0.008376783431376999,0.08328843972944411,0.030145740583324865
persistence,30,speed_mean_kmh,delta_latency_mean_ms_see_minus_cic,74,-0.02767762232440719,0.023078266091399298,-1.1992938384015757,0.23041371012375667,-0.07291019268918178,0.017554948040367394,0.08328843972944411,0.030145740583324865
persistence,30,speed_mean_kmh,delta_latency_p95_ms_see_minus_cic,74,0.034655361355483943,0.02747416067607648,1.261380166043092,0.20717191075304675,-0.019193004075092578,0.08850372678606047,0.08328843972944411,0.030145740583324865
persistence,30,speed_mean_kmh,delta_aoi_mean_s_see_minus_cic,74,0.05576756960882692,0.051606094873284804,1.0806392102669333,0.279857633621421,-0.04537851772556842,0.15691365694322226,0.08328843972944411,0.030145740583324865
persistence,30,speed_mean_kmh,delta_aoi_p95_s_see_minus_cic,74,-0.06564272343800823,0.053346703293275094,-1.2304925962741389,0.2185126977912405,-0.1702003405867717,0.03891489371075525,0.08328843972944411,0.030145740583324865
persistence,30,vehicle_count,const,74,0.0026583965512637447,0.002125236965291581,1.2508706533339518,0.21098167230932596,-0.0015069913593209554,0.006823784461848444,0.099309997939803,0.04709608477689298
persistence,30,vehicle_count,delta_latency_mean_ms_see_minus_cic,74,-0.009260900153630847,0.010828024535371203,-0.8552714415615579,0.3924008937830432,-0.030483438266674455,0.011961637959412762,0.099309997939803,0.04709608477689298
persistence,30,vehicle_count,delta_latency_p95_ms_see_minus_cic,74,0.005742414915554484,0.010139021047597264,0.566367787244639,0.5711437879526746,-0.014129701176229723,0.02561453100733869,0.099309997939803,0.04709608477689298
persistence,30,vehicle_count,delta_aoi_mean_s_see_minus_cic,74,0.03526231678921653,0.032760208805556856,1.0763764357703134,0.28175893663419305,-0.028946512595686855,0.09947114617411991,0.099309997939803,0.04709608477689298
persistence,30,vehicle_count,delta_aoi_p95_s_see_minus_cic,74,-0.03420542430396167,0.03313379232849692,-1.0323425693274202,0.3019116656494195,-0.09914646393904517,0.03073561533112182,0.099309997939803,0.04709608477689298
