model,horizon_s,target,disparity_quartile,paired_samples,delta_MAE_see_minus_cic,CI_lower,CI_upper
ca_dtnet,5,flow_proxy,Q1-SEE-better,19,-60.941645063795285,-104.14721066744663,-16.012284589588585
ca_dtnet,5,flow_proxy,Q2-small,18,-75.25589933147947,-134.51273909413268,-3.294114743939786
ca_dtnet,5,flow_proxy,Q3-moderate,18,31.570593499727895,-3.8616586910222597,62.79693892356729
ca_dtnet,5,flow_proxy,Q4-SEE-worse,19,79.30239023616416,16.973790203088452,148.71347982745507
ca_dtnet,5,speed_mean_kmh,Q1-SEE-better,19,0.004733052003134937,-0.007007383076501881,0.01722310126656087
ca_dtnet,5,speed_mean_kmh,Q2-small,18,-0.017172259475467175,-0.025293182925141926,-0.009297871749516703
ca_dtnet,5,speed_mean_kmh,Q3-moderate,18,0.001460436419974102,-0.0028581817159055076,0.0057913172796510565
ca_dtnet,5,speed_mean_kmh,Q4-SEE-worse,19,0.01809588271217571,0.0067731633220974325,0.029052198687481816
ca_dtnet,5,vehicle_count,Q1-SEE-better,19,0.0016327066259191308,-0.0021730155714633453,0.005472187681405764
ca_dtnet,5,vehicle_count,Q2-small,18,-0.0019217050451355083,-0.0035261567490079073,-0.00023199080134614318
ca_dtnet,5,vehicle_count,Q3-moderate,18,-0.003271036358555696,-0.007268205104705435,0.00046166356917844744
ca_dtnet,5,vehicle_count,Q4-SEE-worse,19,0.00031978050531477004,-0.003503254635854919,0.003983189530255363
ca_dtnet,10,flow_proxy,Q1-SEE-better,19,-77.63302169495374,-128.95294385859893,-24.82106402600409
ca_dtnet,10,flow_proxy,Q2-small,18,-238.0839614195712,-312.78592194001044,-183.67414898347948
ca_dtnet,10,flow_proxy,Q3-moderate,18,41.00336284576932,5.687287620653259,79.63693052844428
ca_dtnet,10,flow_proxy,Q4-SEE-worse,19,140.0201412229589,63.70281984483369,220.2489601111314
ca_dtnet,10,speed_mean_kmh,Q1-SEE-better,19,-0.010686860556750243,-0.021655538747820793,-0.0001227845831389673
ca_dtnet,10,speed_mean_kmh,Q2-small,18,-0.03855092834841857,-0.051440388143809655,-0.025242001888219977
ca_dtnet,10,speed_mean_kmh,Q3-moderate,18,0.003515028387054716,-0.004252836957111964,0.011190984412638435
ca_dtnet,10,speed_mean_kmh,Q4-SEE-worse,19,0.01659064871194026,0.007719154435294469,0.02521529179496222
ca_dtnet,10,vehicle_count,Q1-SEE-better,19,-0.002043639231806259,-0.005075412284335707,0.00098866337199969
ca_dtnet,10,vehicle_count,Q2-small,18,-0.0014341649646834598,-0.006075035009486552,0.002428762310849622
ca_dtnet,10,vehicle_count,Q3-moderate,18,-0.005406966816650562,-0.010805320563221395,-1.2436198584096366e-05
ca_dtnet,10,vehicle_count,Q4-SEE-worse,19,0.0069257787019252805,0.0032508325472753253,0.010946758930727656
ca_dtnet,30,flow_proxy,Q1-SEE-better,19,-123.5779860658487,-199.39461290044562,-43.86227500999196
ca_dtnet,30,flow_proxy,Q2-small,18,159.47598654376574,93.87962098516647,232.8243287660374
ca_dtnet,30,flow_proxy,Q3-moderate,18,19.830564672664877,-29.81279052104395,67.85341015620926
ca_dtnet,30,flow_proxy,Q4-SEE-worse,19,-215.3941321529684,-269.73607110770604,-157.17372239361492
ca_dtnet,30,speed_mean_kmh,Q1-SEE-better,19,-0.0042167218697811175,-0.01552668479638119,0.005663187415414331
ca_dtnet,30,speed_mean_kmh,Q2-small,18,0.025257141725660823,0.0153759705560807,0.0352885846363002
ca_dtnet,30,speed_mean_kmh,Q3-moderate,18,0.015113755126713091,0.007311511385053838,0.02262085729168536
ca_dtnet,30,speed_mean_kmh,Q4-SEE-worse,19,-0.017137518166803412,-0.02853029744453875,-0.005815580096914594
ca_dtnet,30,vehicle_count,Q1-SEE-better,19,-0.0035165425098823786,-0.0077772676130718164,0.001277313044210474
ca_dtnet,30,vehicle_count,Q2-small,18,-0.001582343854031307,-0.005733497056218545,0.0024815172873852427
ca_dtnet,30,vehicle_count,Q3-moderate,18,-0.0033543253822690103,-0.01207785150808155,0.005118130415140336
ca_dtnet,30,vehicle_count,Q4-SEE-worse,19,-0.04140748098992379,-0.047150798660398924,-0.036234566157138395
graph_gru,5,flow_proxy,Q1-SEE-better,19,66.04317575515488,4.548944373846507,148.7932374369087
graph_gru,5,flow_proxy,Q2-small,18,70.86408071677579,19.292296620889793,144.466963403351
graph_gru,5,flow_proxy,Q3-moderate,18,63.964489189246805,52.400614082837826,77.66351879929786
graph_gru,5,flow_proxy,Q4-SEE-worse,19,-16.933794052113484,-78.6656449552308,36.09978364684252
graph_gru,5,speed_mean_kmh,Q1-SEE-better,19,0.019478228103146245,0.0009643366086537837,0.04688375796028885
graph_gru,5,speed_mean_kmh,Q2-small,18,0.008621557601283704,0.001499641739285079,0.018406769497587336
graph_gru,5,speed_mean_kmh,Q3-moderate,18,0.00949450460820822,0.006027226103771363,0.014238023944104321
graph_gru,5,speed_mean_kmh,Q4-SEE-worse,19,0.0005094619326383618,-0.004740393636674808,0.005480893775178531
graph_gru,5,vehicle_count,Q1-SEE-better,19,0.010610341314433192,0.0009755906151416296,0.025027599401872238
graph_gru,5,vehicle_count,Q2-small,18,0.0015543696530372353,-0.0004576668989491379,0.003381067292824671
graph_gru,5,vehicle_count,Q3-moderate,18,4.593274838824188e-05,-0.0017053989432460836,0.00141587673378665
graph_gru,5,vehicle_count,Q4-SEE-worse,19,-0.001023983953415192,-0.003226077287687427,0.001040642402909229
graph_gru,10,flow_proxy,Q1-SEE-better,19,163.23873084322008,81.94750681677357,253.23027569032305
graph_gru,10,flow_proxy,Q2-small,18,105.77755623949663,68.93077549093528,153.44930990605923
graph_gru,10,flow_proxy,Q3-moderate,18,41.54915449361569,13.792896052351749,64.90434173283313
graph_gru,10,flow_proxy,Q4-SEE-worse,19,-63.408399894932266,-117.49129809917532,-13.556362105602831
graph_gru,10,speed_mean_kmh,Q1-SEE-better,19,0.009211730105995929,-0.0028210322668226523,0.02283999887451817
graph_gru,10,speed_mean_kmh,Q2-small,18,0.011525407826699308,0.004629650099777177,0.018831191786575087
graph_gru,10,speed_mean_kmh,Q3-moderate,18,0.011464721132462477,0.004330606128457395,0.02053174568223152
graph_gru,10,speed_mean_kmh,Q4-SEE-worse,19,-0.008514577586094137,-0.02026373051718672,0.0019712210881837476
graph_gru,10,vehicle_count,Q1-SEE-better,19,0.01397624892570239,0.004440515161501159,0.02740477716503004
graph_gru,10,vehicle_count,Q2-small,18,0.0027925316260286664,0.0002439902823992106,0.005404520880340459
graph_gru,10,vehicle_count,Q3-moderate,18,-0.0020392769271823097,-0.006117873496833935,0.0008457913629344359
graph_gru,10,vehicle_count,Q4-SEE-worse,19,-0.0011256775559171693,-0.0032701918875967877,0.0011431181836486395
graph_gru,30,flow_proxy,Q1-SEE-better,19,-24.225715048402844,-55.508946829476876,2.3948107980900897
graph_gru,30,flow_proxy,Q2-small,18,-3.6237753118056286,-25.420125857255297,24.866049567766776
graph_gru,30,flow_proxy,Q3-moderate,18,26.426330644842892,-10.939932668915894,60.72643292971571
graph_gru,30,flow_proxy,Q4-SEE-worse,19,88.44936941561565,34.94792442732474,148.88209604049217
graph_gru,30,speed_mean_kmh,Q1-SEE-better,19,0.00373456287433085,-0.0005594563963106074,0.00742479666769397
graph_gru,30,speed_mean_kmh,Q2-small,18,0.002686291853708155,-0.001571906200717426,0.007102395061031959
graph_gru,30,speed_mean_kmh,Q3-moderate,18,0.0024997149579139874,-0.007676262745638856,0.01439179059244349
graph_gru,30,speed_mean_kmh,Q4-SEE-worse,19,-0.0013281429161674343,-0.02124069904867323,0.01950968769966773
graph_gru,30,vehicle_count,Q1-SEE-better,19,0.003649630528570211,-0.002605520954886236,0.012845326584669435
graph_gru,30,vehicle_count,Q2-small,18,0.0030941066790649194,-0.0002929042516777524,0.007581736000686012
graph_gru,30,vehicle_count,Q3-moderate,18,-0.011296648839993558,-0.027231715140136604,-0.0008035134800844213
graph_gru,30,vehicle_count,Q4-SEE-worse,19,-0.01743323071809791,-0.03053796280311028,-0.006256927604067033
impaired_gru,5,flow_proxy,Q1-SEE-better,19,57.180379709516224,11.238360735538187,114.89571697654519
impaired_gru,5,flow_proxy,Q2-small,18,26.64266249287852,-31.235284820426436,86.30254375716609
impaired_gru,5,flow_proxy,Q3-moderate,18,-23.693827639925683,-45.411634069268366,-4.9077904204484994
impaired_gru,5,flow_proxy,Q4-SEE-worse,19,23.702336900017098,2.3640845391281853,48.96249825611681
impaired_gru,5,speed_mean_kmh,Q1-SEE-better,19,0.01364136325500096,-0.00030335790275174996,0.03689465327407504
impaired_gru,5,speed_mean_kmh,Q2-small,18,0.0002022389619272196,-0.006135260022474409,0.008984703514568242
impaired_gru,5,speed_mean_kmh,Q3-moderate,18,0.003172316141379373,0.0004944696190274791,0.005648885327247518
impaired_gru,5,speed_mean_kmh,Q4-SEE-worse,19,0.0019468206171953575,-0.00232255466047267,0.006534110386819811
impaired_gru,5,vehicle_count,Q1-SEE-better,19,0.00541150914857736,-0.002265289620559822,0.016839181505434616
impaired_gru,5,vehicle_count,Q2-small,18,0.004017910359556503,0.0008644798516705984,0.006772466986770752
impaired_gru,5,vehicle_count,Q3-moderate,18,-0.005004053668104062,-0.0075935515958064324,-0.002356090452412545
impaired_gru,5,vehicle_count,Q4-SEE-worse,19,0.001064849372478141,-6.943303933698604e-05,0.002550724514131919
impaired_gru,10,flow_proxy,Q1-SEE-better,19,44.315520483517744,12.156118905842403,77.59837543660821
impaired_gru,10,flow_proxy,Q2-small,18,6.292406341730081,-72.70938411463864,84.2758950426231
impaired_gru,10,flow_proxy,Q3-moderate,18,-29.395605154675852,-55.96303336984401,-5.543317598329625
impaired_gru,10,flow_proxy,Q4-SEE-worse,19,-5.502086790013173,-34.474870196592335,18.3498111256436
impaired_gru,10,speed_mean_kmh,Q1-SEE-better,19,0.009597636169152464,-0.0016266223632630048,0.027023724487910166
impaired_gru,10,speed_mean_kmh,Q2-small,18,0.006434770896696727,-0.0032670595538016613,0.017563645562695098
impaired_gru,10,speed_mean_kmh,Q3-moderate,18,0.005765245158181825,0.00085093346338394,0.010733882246615077
impaired_gru,10,speed_mean_kmh,Q4-SEE-worse,19,-0.0003766311030749127,-0.005443466890492196,0.004516795240462445
impaired_gru,10,vehicle_count,Q1-SEE-better,19,0.006049978315568533,-0.0019537645452720317,0.017950889138480718
impaired_gru,10,vehicle_count,Q2-small,18,0.011512339030802664,0.009659474280204819,0.01372119740697805
impaired_gru,10,vehicle_count,Q3-moderate,18,-0.006620262327644665,-0.010396626339376863,-0.002747070791018848
impaired_gru,10,vehicle_count,Q4-SEE-worse,19,-0.00017214036221231175,-0.0026573977191244645,0.002122737280778406
impaired_gru,30,flow_proxy,Q1-SEE-better,19,83.95109516975849,64.63723548738551,101.12076657301562
impaired_gru,30,flow_proxy,Q2-small,18,86.20375274792383,23.973059205071024,145.97350499912625
impaired_gru,30,flow_proxy,Q3-moderate,18,-17.93140628664302,-42.596710229179806,5.403011830578653
impaired_gru,30,flow_proxy,Q4-SEE-worse,19,19.070050371055626,-5.247995599267286,51.98233084080997
impaired_gru,30,speed_mean_kmh,Q1-SEE-better,19,-0.004445998251346249,-0.011972518293169618,0.004611505268091555
impaired_gru,30,speed_mean_kmh,Q2-small,18,-0.001509308838364692,-0.005892475191540806,0.0033157648528741117
impaired_gru,30,speed_mean_kmh,Q3-moderate,18,0.003931004751927277,-0.004169251606152766,0.013576194059872492
impaired_gru,30,speed_mean_kmh,Q4-SEE-worse,19,-0.000551035632130349,-0.007697780525221711,0.009446528668800703
impaired_gru,30,vehicle_count,Q1-SEE-better,19,0.009004520488140745,0.00435168606867853,0.014370779443058188
impaired_gru,30,vehicle_count,Q2-small,18,0.011299540036343246,0.0092945971657821,0.013100399218888243
impaired_gru,30,vehicle_count,Q3-moderate,18,-0.015096022268955074,-0.021285639635119084,-0.009422183130434676
impaired_gru,30,vehicle_count,Q4-SEE-worse,19,-0.006519433542722809,-0.010828970935209199,-0.0029085022431217062
persistence,5,flow_proxy,Q1-SEE-better,19,23.72365726837023,0.0,69.96636184272154
persistence,5,flow_proxy,Q2-small,18,53.81494551235281,0.0,161.44483653705842
persistence,5,flow_proxy,Q3-moderate,18,0.0,0.0,0.0
persistence,5,flow_proxy,Q4-SEE-worse,19,27.40811400318987,0.0,69.46166831092954
persistence,5,speed_mean_kmh,Q1-SEE-better,19,0.013724186893528384,0.0,0.03924518586078766
persistence,5,speed_mean_kmh,Q2-small,18,0.0048315241355282685,0.0,0.014494572406584805
persistence,5,speed_mean_kmh,Q3-moderate,18,0.0,0.0,0.0
persistence,5,speed_mean_kmh,Q4-SEE-worse,19,0.0017939494783206368,0.0,0.004485578999038553
persistence,5,vehicle_count,Q1-SEE-better,19,0.007765316293888938,0.0,0.023295948881666816
persistence,5,vehicle_count,Q2-small,18,-0.0009107469727400668,-0.0027322409182202003,0.0
persistence,5,vehicle_count,Q3-moderate,18,0.0,0.0,0.0
persistence,5,vehicle_count,Q4-SEE-worse,19,0.0017256257737013716,0.0,0.00431406446894597
persistence,10,flow_proxy,Q1-SEE-better,19,84.88887538913714,0.0,253.4620162050221
persistence,10,flow_proxy,Q2-small,18,7.633806395575448,0.0,22.901419186726343
persistence,10,flow_proxy,Q3-moderate,18,0.0,0.0,0.0
persistence,10,flow_proxy,Q4-SEE-worse,19,1.8827666059099244,-38.28802109592021,43.93632091364998
persistence,10,speed_mean_kmh,Q1-SEE-better,19,0.013922399928923605,0.0,0.0398398249669733
persistence,10,speed_mean_kmh,Q2-small,18,0.00113703689913722,0.0,0.0034111106974116603
persistence,10,speed_mean_kmh,Q3-moderate,18,0.0,0.0,0.0
persistence,10,speed_mean_kmh,Q4-SEE-worse,19,1.4106064739207256e-06,-0.002688808307770074,0.0026930401271918363
persistence,10,vehicle_count,Q1-SEE-better,19,0.007765316293888938,0.0,0.023295948881666816
persistence,10,vehicle_count,Q2-small,18,0.0009107469727355211,0.0,0.0027322409182065632
persistence,10,vehicle_count,Q3-moderate,18,0.0,0.0,0.0
persistence,10,vehicle_count,Q4-SEE-worse,19,6.938509416143963e-11,-0.0025884385564743984,0.002588438764629681
persistence,30,flow_proxy,Q1-SEE-better,19,72.81144030439961,-3.613829887168609,222.04815080036747
persistence,30,flow_proxy,Q2-small,18,-53.8149455123526,-161.4448365370578,0.0
persistence,30,flow_proxy,Q3-moderate,18,0.0,0.0,0.0
persistence,30,flow_proxy,Q4-SEE-worse,19,1.882766605909733,-38.28802109592078,43.93632091364998
persistence,30,speed_mean_kmh,Q1-SEE-better,19,0.010067650289328527,-0.005782124459392547,0.03598507532737813
persistence,30,speed_mean_kmh,Q2-small,18,-0.004831524135528318,-0.014494572406584952,0.0
persistence,30,speed_mean_kmh,Q3-moderate,18,0.0,0.0,0.0
persistence,30,speed_mean_kmh,Q4-SEE-worse,19,1.4106064739207256e-06,-0.002688808307770074,0.0026930401271918363
persistence,30,vehicle_count,Q1-SEE-better,19,0.0077653162938889735,0.0,0.02329594888166692
persistence,30,vehicle_count,Q2-small,18,0.000910746972740073,0.0,0.002732240918220219
persistence,30,vehicle_count,Q3-moderate,18,0.0,0.0,0.0
persistence,30,vehicle_count,Q4-SEE-worse,19,0.001725625773700273,0.0,0.004314064468942675
